Name,ClassName,Type,Description,Solution,Image Link,Plant Name
"Bệnh rệp sáp lông trắng Mía (Mawa)",Sugarcane_Mawa,Côn trùng gây hại,"<div><h2>Tổng quan bệnh hại</h2><p>Bệnh ""Mawa"" hay còn gọi là Rệp sáp lông trắng, là dịch hại nghiêm trọng tại các vùng trồng mía. Rệp hút nhựa cây làm giảm chữ đường (CCS) và năng suất mía cây.</p><h3>Tác nhân gây bệnh</h3><ul><li><strong>Tên khoa học:</strong> <em>Ceratovacuna lanigera</em> Zehntner.</li><li><strong>Đặc điểm:</strong> Rệp trưởng thành có lớp sáp trắng dày phủ trên lưng, sống tập trung ở mặt dưới lá.</li></ul><h3>Triệu chứng điển hình</h3><ul><li><strong>Trên lá:</strong> Mặt dưới lá phủ đầy lớp phấn trắng như bông. Rệp tiết ra dịch mật ngọt làm môi trường cho nấm bồ hóng (sooty mould) phát triển, khiến mặt trên lá chuyển màu đen kịt.</li><li><strong>Trên cây:</strong> Cây sinh trưởng kém, dóng ngắn, lá vàng và khô sớm. Quá trình quang hợp bị cản trở nghiêm trọng do lớp bồ hóng.</li></ul><h3>Điều kiện phát sinh</h3><p>Phát triển mạnh trong điều kiện ẩm độ cao, ruộng mía trồng dày, bón thừa đạm và thiếu ánh sáng.</p></div>","1. Biện pháp canh tác (Quan trọng nhất):<br>- Vệ sinh đồng ruộng, bóc lá già (đánh lá) đem đốt để diệt trứng và rệp non, giúp ruộng thông thoáng.<br>- Không bón thừa phân Đạm (N), tăng cường Kali để cây cứng cáp.<br><br>2. Biện pháp sinh học:<br>- Bảo vệ thiên địch như Bọ rùa, Kiến ba khoang, Ong ký sinh trong ruộng mía.<br><br>3. Biện pháp hóa học (Đặc trị):<br>- Chỉ phun khi mật độ rất cao. Sử dụng các hoạt chất thấm sâu và lưu dẫn mạnh như: <strong>Imidacloprid</strong>, <strong>Thiamethoxam</strong>, <strong>Pymetrozin</strong> hoặc <strong>Spirotetramat</strong>.<br>- Lưu ý: Phun tập trung vào mặt dưới lá và phun vào sáng sớm hoặc chiều mát.","https://agritech.tnau.ac.in/crop_protection/images/pestc/sugarcane/whitewooly/sym.jpg,https://res.cloudinary.com/dzstqe0re/image/upload/v1764603525/aug_0_image154_pl5kke.jpg,https://res.cloudinary.com/dzstqe0re/image/upload/v1764603613/aug_0_image239_hf52rf.jpg",Mía
"Lá mía khô (Sinh lý/Thiếu nước)",Sugarcane_Dried_Leaves,Sinh lý cây trồng,"<div><h2>Mô tả hiện tượng</h2><p>Đây là hiện tượng lá mía bị khô héo do các yếu tố sinh lý hoặc môi trường, không phải do vi sinh vật tấn công. Việc phân biệt đúng giúp tiết kiệm chi phí thuốc bảo vệ thực vật.</p><h3>Các dạng khô lá thường gặp</h3><ol><li><strong>Khô lá sinh lý (Lão hóa):</strong> Các lá già ở phần gốc (lá chân) chuyển vàng và khô dần theo quy luật sinh trưởng để tập trung dinh dưỡng nuôi lóng mía.</li><li><strong>Khô lá do hạn (Stress nước):</strong> Lá non và lá bánh tẻ bị xoăn lại (cuộn tròn) vào ban ngày để giảm thoát hơi nước. Nếu kéo dài, chóp lá và mép lá sẽ khô cháy màu nâu.</li></ol><h3>Tác động</h3><p>Nếu do hạn hán kéo dài, cây sẽ bị ""treo"" sinh trưởng, lóng ngắn, nứt thân và giảm năng suất đường nghiêm trọng.</p></div>","1. Chăm sóc và tưới tiêu:<br>- Đảm bảo đủ độ ẩm đất (khoảng 65-70%) trong giai đoạn vươn lóng.<br>- Nếu không có nước tưới, thực hiện tủ gốc bằng lá mía khô hoặc rơm rạ để giữ ẩm.<br><br>2. Kỹ thuật canh tác:<br>- Bóc lá già (lá chân) đã khô hoàn toàn để hạn chế nơi trú ngụ của chuột và sâu bệnh.<br>- Phun phân bón lá chứa <strong>Silic (Si)</strong> và <strong>Kali (K)</strong> để tăng cường khả năng chịu hạn cho cây.","https://res.cloudinary.com/dzstqe0re/image/upload/v1764603780/aug_0_image236_irfpcx.jpg,https://res.cloudinary.com/dzstqe0re/image/upload/v1764603784/aug_0_image211_z3huml.jpg,https://res.cloudinary.com/dzstqe0re/image/upload/v1764603785/aug_0_image104_sej7up.jpg",Mía
"Cây cà phê khỏe mạnh",Coffee_Healthy,Cây khỏe,"<div><h2>Mô tả trạng thái cây</h2><p>Cây cà phê khỏe mạnh là tiêu chuẩn để so sánh và đánh giá các bệnh hại khác. Cây thể hiện khả năng sinh trưởng dinh dưỡng và sinh thực cân đối.</p><h3>Đặc điểm hình thái</h3><ul><li><strong>Bộ lá:</strong> Màu xanh đậm (đặc trưng của giống), phiến lá dày, bóng, lớp cutin bảo vệ phát triển tốt. Mép lá gợn sóng đều, không có vết cháy hay đốm lạ.</li><li><strong>Thân cành:</strong> Cành dự trữ phát triển mạnh, vươn dài, lóng đều. Vỏ cành không bị nứt nẻ hay sần sùi.</li><li><strong>Rễ:</strong> Hệ rễ tơ phát triển mạnh, màu trắng ngà, không bị sưng (tuyến trùng) hay thối đen (nấm).</li></ul></div>","Duy trì chế độ canh tác bền vững:<br>1. Dinh dưỡng: Bón cân đối N-P-K theo tỷ lệ 2-1-2 (mùa mưa) và tăng Kali vào cuối vụ. Bổ sung trung vi lượng (Bo, Zn, Mg).<br>2. Cắt tỉa: Tạo hình, tỉa cành tăm, cành chồi vượt để cây thông thoáng, hạn chế nấm bệnh.<br>3. Bảo vệ: Thăm vườn thường xuyên để phát hiện sớm các dấu hiệu rỉ sắt hoặc rệp sáp.","https://5.imimg.com/data5/SELLER/Default/2024/3/398513770/EN/CM/WE/7008314/coffea-arabica-leaves.jpg,https://i.ebayimg.com/images/g/TCAAAOSwsD5j06sH/s-l1200.jpg,https://cdn.apartmenttherapy.info/image/upload/v1589852194/stock/GettyImages-964994776.jpg",Cà phê
"Bệnh đốm đen vi khuẩn Xoài (Bệnh Loét)",Mango_Bacterial_Canker,Bệnh vi khuẩn,"<div><h2>Tổng quan bệnh hại</h2><p>Bệnh đốm đen (Bacterial Black Spot) hay bệnh Loét là bệnh nguy hiểm số 1 trên cây xoài, đặc biệt là các giống xoài Đài Loan, Cát Chu. Bệnh làm giảm giá trị thương phẩm tới 100%.</p><h3>Tác nhân & Cơ chế</h3><ul><li><strong>Tác nhân:</strong> Vi khuẩn <em>Xanthomonas campestris pv. mangiferaeindicae</em>.</li><li><strong>Lây lan:</strong> Qua vết thương cơ giới, mưa gió bão và dụng cụ cắt tỉa nhiễm khuẩn.</li></ul><h3>Triệu chứng chi tiết</h3><ul><li><strong>Trên lá:</strong> Vết bệnh là các đốm đen hình đa giác (góc cạnh), xung quanh có viền vàng (quầng vàng). Soi ngược ánh sáng thấy vết bệnh trong suốt (giọt dầu).</li><li><strong>Trên trái:</strong> Vết loét màu đen, xù xì, chảy nhựa (xì mủ), hình ngôi sao nứt nẻ. Trái non bị bệnh sẽ rụng, trái lớn bị thối.</li></ul></div>","1. Biện pháp canh tác:<br>- Cắt tỉa cành bệnh và đem tiêu hủy xa vườn. Tuyệt đối không cắt tỉa khi trời đang mưa hoặc ướt lá.<br>- Sát trùng dụng cụ cắt tỉa bằng cồn hoặc nước Javel.<br><br>2. Biện pháp hóa học (Đặc trị vi khuẩn):<br>- Phun phòng trước và sau các đợt mưa bão.<br>- Sử dụng thuốc gốc Đồng: <strong>Copper Oxychloride (Cốc 85)</strong>, <strong>Copper Hydroxide (Champion)</strong>.<br>- Kết hợp kháng sinh nông nghiệp: <strong>Kasugamycin</strong>, <strong>Streptomycin</strong> hoặc <strong>Bismerthiazol</strong>.<br>- Lưu ý: Vi khuẩn rất dễ kháng thuốc, cần luân phiên hoạt chất.","https://res.cloudinary.com/dzstqe0re/image/upload/v1764604339/aug_1_IMG_20211106_135211_Custom_bjmsmh.jpg,https://res.cloudinary.com/dzstqe0re/image/upload/v1764604341/1_lpwkqk.webp,https://res.cloudinary.com/dzstqe0re/image/upload/v1764604342/aug_0_IMG_20211106_143145_Custom_klkibq.jpg",Xoài
"Bệnh phấn trắng Xoài",Mango_Powdery_Mildew,Bệnh nấm,"<div><h2>Tổng quan bệnh hại</h2><p>Bệnh phấn trắng (Powdery Mildew) là ""sát thủ"" của mùa hoa xoài. Bệnh bùng phát mạnh khi thời tiết lạnh, có sương mù buổi sáng và nắng ấm buổi trưa.</p><h3>Tác nhân gây bệnh</h3><ul><li><strong>Nấm:</strong> <em>Oidium mangiferae</em>.</li></ul><h3>Triệu chứng điển hình</h3><ul><li><strong>Trên chùm hoa:</strong> Xuất hiện lớp bột màu trắng xám bao phủ cuống hoa và nụ hoa. Nấm hút dinh dưỡng làm hoa khô đen và rụng hàng loạt (hiện tượng ""cháy"" hoa).</li><li><strong>Trên lá non:</strong> Lá bị phủ phấn trắng, biến dạng, cong queo và rụng sớm.</li><li><strong>Trên trái non:</strong> Trái bị bao phủ phấn trắng, sau đó vỏ trái bị chai sần, nứt nẻ và biến dạng, không lớn được.</li></ul></div>","1. Phòng ngừa:<br>- Tỉa cành tạo tán để ánh nắng xuyên vào bên trong tán cây, giảm độ ẩm cục bộ.<br><br>2. Biện pháp hóa học (Thời điểm vàng):<br>- Phun lần 1: Khi phát hoa vừa nhú (cựa gà).<br>- Phun lần 2: Khi hoa chuẩn bị nở (trước khi nở hoa rộ).<br>- Phun lần 3: Khi trái non vừa đậu.<br><br>3. Hoạt chất khuyên dùng:<br>- Nhóm Lưu huỳnh (Rất hiệu quả và rẻ tiền): <strong>Sulfur</strong> dạng bột thấm nước.<br>- Nhóm thuốc lưu dẫn: <strong>Hexaconazole</strong>, <strong>Difenoconazole</strong>, <strong>Azoxystrobin</strong> hoặc <strong>Tebuconazole</strong>.","https://pestsdiseases.com/wp-content/uploads/Mango-Powdery-Mildew-Disease-Management1.jpg,https://pestsdiseases.com/wp-content/uploads/Mango-Powdery-Mildew-Disease-Management2.jpg,https://gd.eppo.int/media/data/taxon/O/OIDIMA/pics/1024x0/13832.jpg",Xoài
"Bệnh phấn trắng Nho",Grape_Powdery_Mildew,Bệnh nấm,"<div><h2>Tổng quan bệnh hại</h2><p>Bệnh phấn trắng là bệnh phổ biến và khó trị nhất trên cây nho. Nấm bệnh tồn tại trong mắt ngủ và bùng phát ngay khi cây nẩy chồi.</p><h3>Tác nhân gây bệnh</h3><ul><li><strong>Nấm:</strong> <em>Erysiphe necator</em> (tên cũ <em>Uncinula necator</em>).</li></ul><h3>Triệu chứng nhận diện</h3><ul><li><strong>Trên lá:</strong> Xuất hiện các đốm mốc trắng xám ở mặt trên lá, sau đó lan rộng phủ kín toàn bộ lá. Lá bị bệnh thường giòn, mép lá cong lên.</li><li><strong>Trên quả:</strong> Đây là triệu chứng nguy hiểm nhất. Quả bị bao phủ bởi lớp phấn trắng như bột. Vỏ quả bị chai cứng, mất độ đàn hồi nên khi ruột quả lớn sẽ gây <strong>nứt quả</strong> (lộ hạt ra ngoài), dẫn đến thối hoặc khô quả.</li><li><strong>Mùi:</strong> Vườn bị bệnh nặng thường có mùi nấm mốc đặc trưng.</li></ul></div>","1. Biện pháp canh tác:<br>- Buộc cành, tỉa chồi nách thường xuyên để giàn nho thông thoáng.<br>- Bón cân đối NPK, tránh thừa Đạm khiến bộ lá quá rậm rạp.<br><br>2. Biện pháp hóa học:<br>- Giai đoạn nhạy cảm nhất là từ khi ra hoa đến khi quả bằng hạt đậu.<br>- Thuốc tiếp xúc: <strong>Sulfur (Lưu huỳnh)</strong> - phun sáng sớm hoặc chiều mát để tránh cháy lá.<br>- Thuốc nội hấp (Lưu dẫn): <strong>Tebuconazole</strong>, <strong>Myclobutanil</strong>, <strong>Triadimefon</strong> hoặc <strong>Azoxystrobin</strong>.<br>- Phun luân phiên các nhóm thuốc để tránh kháng thuốc.","https://ohioline.osu.edu/sites/ohioline/files/imce/Plant_Pathology/PLPATH-FRU-37-Powdery-Mildew-Grape-figure-1.png,https://cdn.mos.cms.futurecdn.net/gwnDyYphSVDySisqjUjiCm.jpg,https://bpb-us-e1.wpmucdn.com/blogs.cornell.edu/dist/3/7313/files/2021/04/powdery-mildew1.jpg",Nho
"Cây xoài khỏe mạnh",Mango_Healthy,Cây khỏe,"<div><h2>Mô tả trạng thái cây</h2><p>Cây xoài khỏe mạnh biểu hiện qua sự cân bằng giữa phát triển thân lá và khả năng ra hoa đậu quả.</p><h3>Đặc điểm hình thái</h3><ul><li><strong>Lá:</strong> Lá non (đọt) có màu đồng hoặc tím đỏ (tùy giống), sau chuyển sang xanh nhạt và xanh đậm. Lá sạch, không quăn queo, không có vết cắn của bọ cắt lá hay đốm vi khuẩn.</li><li><strong>Hoa:</strong> Chùm hoa to, dài, cuống hoa mập, màu sáng, không bị khô đen hay dính phấn trắng.</li><li><strong>Thân:</strong> Vỏ thân trơn láng, không có hiện tượng chảy nhựa (xì mủ) hay các lỗ đục của sâu đục thân.</li></ul></div>","Chăm sóc định kỳ:<br>1. Tưới nước: Đủ nước trong giai đoạn nuôi trái. Xiết nước (cắt nước) trong giai đoạn kích thích ra hoa.<br>2. Dinh dưỡng: Bón phân hữu cơ hoai mục sau thu hoạch để phục hồi cây. Bón NPK hàm lượng Kali cao khi nuôi trái để tăng độ ngọt.<br>3. Phòng trừ tổng hợp: Áp dụng IPM, thăm vườn thường xuyên.","https://www.greendna.in/cdn/shop/products/mango1_538x.jpg,https://kj1bcdn.b-cdn.net/media/38481/mango.png,https://img.freepik.com/premium-photo/green-mangifera-indica-mango-leaves-white-background-plant-with-green-leaves_570543-2616.jpg",Xoài
"Lá chuối khỏe mạnh",Banana_Healthy_Leaf,Cây khỏe,"<div><h2>Mô tả trạng thái lá</h2><p>Số lượng và chất lượng lá chuối quyết định trực tiếp đến trọng lượng buồng chuối. Một cây chuối cần giữ được ít nhất 10-12 lá xanh khỏe mạnh khi trổ buồng.</p><h3>Đặc điểm nhận biết</h3><ul><li><strong>Phiến lá:</strong> To, rộng, nguyên vẹn, màu xanh mướt và bóng (nhờ lớp sáp bảo vệ).</li><li><strong>Tư thế:</strong> Lá vươn đều ra các phía, cuống lá cứng cáp, không bị gãy gập (trừ khi gió bão).</li><li><strong>Sức khỏe:</strong> Không xuất hiện các vệt sọc đen (bệnh Sigatoka), không có đốm mắt cua, mép lá không bị cháy khô.</li></ul></div>","Duy trì sức khỏe bộ lá:<br>1. Vệ sinh: Thường xuyên cắt bỏ các lá già, lá khô treo trên cây để loại bỏ nơi trú ẩn của rệp và nấm bệnh.<br>2. Dinh dưỡng: Chuối cần rất nhiều <strong>Kali (K)</strong>. Bón đủ Kali giúp lá dày, cứng, tăng cường vận chuyển đường bột vào trái.<br>3. Quản lý nước: Chuối háo nước nhưng sợ úng. Cần thoát nước tốt mùa mưa.","https://inmathi.com/wp-content/uploads/2022/10/health-benefits-of-banana-leaves.webp,https://tiimg.tistatic.com/fp/1/007/720/self-life-1-month-green-banana-leaf-510.jpg,https://tiimg.tistatic.com/fp/1/007/554/ayurvedic-properties-enriched-natural-green-banana-leaves-for-good-health-302.jpg",Chuối
"Sâu hại lá Chuối (Sâu cuốn lá/Sâu ăn tạp)",Banana_Insect_Pest,Côn trùng gây hại,"<div><h2>Tổng quan các loài gây hại</h2><p>Nhóm sâu ăn lá làm giảm diện tích quang hợp, cây còi cọc và buồng chuối nhỏ. Hai đối tượng phổ biến nhất là Sâu cuốn lá và Sâu khoang.</p><h3>Chi tiết từng loại</h3><ul><li><strong>Sâu cuốn lá (Banana Skipper - <em>Erionota thrax</em>):</strong><br>- Sâu non cắt một đường trên phiến lá, nhả tơ cuốn tròn lại thành hình ống thuốc pháo.<br>- Sâu nằm trong ống ăn phá và thải phân ra ngoài (phân to như hạt gạo màu đen).<br>- Tấn công mạnh vào mùa mưa.</li><li><strong>Sâu khoang/Sâu ăn tạp (<em>Spodoptera litura</em>):</strong><br>- Sâu ăn khuyết phiến lá, chỉ chừa lại gân chính. Sâu thường đi theo đàn, sức ăn rất khỏe.</li></ul></div>","1. Biện pháp thủ công (Hiệu quả nhất):<br>- Thường xuyên kiểm tra, dùng tay bóp chết sâu trong các tổ lá cuốn hoặc ngắt bỏ lá bị cuốn đem tiêu hủy.<br>- Dùng vợt bắt bướm vào ban đêm.<br><br>2. Biện pháp sinh học:<br>- Sử dụng chế phẩm nấm xanh (Metarhizium) hoặc vi khuẩn <strong>Bt (Bacillus thuringiensis)</strong> phun khi sâu còn non.<br><br>3. Biện pháp hóa học:<br>- Khi mật độ quá cao, sử dụng thuốc gốc Cúc tổng hợp (Pyrethroid) như: <strong>Cypermethrin</strong>, <strong>Deltamethrin</strong> hoặc <strong>Abamectin</strong>, <strong>Emamectin benzoate</strong>.<br>- Lưu ý: Phun vào chiều tối khi sâu ra ăn.","https://www.shutterstock.com/image-photo/banana-leaves-damaged-eaten-by-260nw-1312685648.jpg,https://www.nimblemill.com/itsnotworkitsgardening/August%202010/IMGP6131.jpg,https://www.nimblemill.com/itsnotworkitsgardening/August%202010/IMGP6137.jpg",Chuối
"Bọ vòi voi cắt lá Xoài",Mango_Cutting_Weevil,Côn trùng gây hại,"<div><h2>Tổng quan côn trùng</h2><p>Bọ vòi voi hay Bọ cắt lá (Mango Leaf Cutting Weevil) là đối tượng gây hại đặc thù và cực kỳ nguy hiểm trong giai đoạn cây ra lộc non.</p><h3>Tác nhân gây hại</h3><ul><li><strong>Tên khoa học:</strong> <em>Deporaus marginatus</em> Pascoe.</li><li><strong>Đặc điểm:</strong> Bọ trưởng thành nhỏ, màu nâu đỏ hoặc đen, đầu có vòi dài.</li></ul><h3>Cơ chế và Triệu chứng</h3><ul><li><strong>Cơ chế:</strong> Bọ cái dùng vòi đục lỗ đẻ trứng vào gân chính của lá non, sau đó cắt đứt ngang cuống lá (vết cắt sắc lẹm) để lá rơi xuống đất. Ấu trùng sẽ nở và ăn phần thịt lá phân hủy dưới đất để lớn lên.</li><li><strong>Triệu chứng:</strong> Cành non trơ trụi, chỉ còn lại cuống lá cụt ngủn. Dưới gốc cây đầy rẫy những mẩu lá non bị cắt rơi rụng. Cây không ra được lá mới, suy kiệt và không thể ra hoa.</li></ul></div>","1. Biện pháp cơ giới (Bắt buộc):<br>- Thu gom toàn bộ lá non bị cắt rụng dưới gốc cây đem đốt hoặc chôn sâu. Đây là biện pháp the chốt để tiêu diệt trứng và ấu trùng, cắt đứt vòng đời của bọ.<br><br>2. Biện pháp hóa học:<br>- Thời điểm phun: Phun ngay khi cây vừa nhú đọt non (lộc) khoảng 3-5cm. Nếu để lá mở ra mới phun thì đã muộn.<br>- Hoạt chất: <strong>Cypermethrin</strong>, <strong>Alpha-cypermethrin</strong>, <strong>Fenobucarb</strong>, <strong>Permethrin</strong> hoặc <strong>Etofenprox</strong>.<br>- Phun 2 lần cách nhau 5-7 ngày vào sáng sớm hoặc chiều mát.","https://res.cloudinary.com/dzstqe0re/image/upload/v1764605413/20211011_162120_Custom_Custom_uymyhw.jpg,https://res.cloudinary.com/dzstqe0re/image/upload/v1764605414/20211011_162431_Custom_feansi.jpg,https://res.cloudinary.com/dzstqe0re/image/upload/v1764605416/20211011_162502_Custom_Custom_a1emjp.jpg",Xoài
"Bệnh u sưng lá Xoài (Muỗi hành)",Mango_Gall_Midge,Côn trùng gây hại,"<div><h2>Tổng quan bệnh hại</h2><p>Bệnh u sưng lá xoài (Mango Gall Midge) làm giảm nghiêm trọng khả năng quang hợp và thẩm mỹ của lá. Bệnh do loài côn trùng thuộc họ Muỗi hành gây ra, tạo thành các nốt sần sùi chi chít trên mặt lá.</p><h3>Tác nhân gây hại</h3><ul><li><strong>Tên khoa học:</strong> <em>Procontarinia</em> spp. (Thuộc bộ Hai cánh - Diptera).</li></ul><h3>Triệu chứng điển hình</h3><ul><li><strong>Trên lá:</strong> Xuất hiện vô số các nốt u sần (mụn cóc) hình tròn hoặc bầu dục. Ban đầu nốt u màu xanh, sau chuyển sang vàng và nâu đen.</li><li><strong>Cấu trúc:</strong> Bên trong mỗi nốt u là một ấu trùng muỗi đang sinh sống. Khi muỗi vũ hóa bay ra, nốt u khô lại và thủng lỗ.</li><li><strong>Tác hại:</strong> Lá bị biến dạng, cong queo, khô sớm và rụng, ảnh hưởng đến đợt ra lộc.</li></ul></div>","1. Biện pháp canh tác:<br>- Tỉa bỏ và tiêu hủy các cành lá bị nhiễm nặng để diệt ấu trùng bên trong.<br>- Vệ sinh vườn sạch sẽ, xới đất quanh gốc để diệt nhộng.<br><br>2. Biện pháp hóa học:<br>- Phun thuốc ngay khi cây vừa ra đọt non (thời điểm thành trùng đẻ trứng).<br>- Hoạt chất thấm sâu/lưu dẫn: <strong>Imidacloprid</strong>, <strong>Thiamethoxam</strong>, <strong>Dimethoate</strong> hoặc <strong>Cypermethrin</strong>.<br>- Có thể rải thuốc hạt (Diazinon) xuống đất để diệt nhộng.","https://content.peat-cloud.com/thumbnails/mango-midge-mango-1556619773.jpg,https://www.shutterstock.com/image-photo/mango-leaves-infected-by-pestmango-260nw-1219081135.jpg,https://www.greenlife.co.ke/wp-content/uploads/2022/04/greenlife_post_mango_anthracnose.jpg",Xoài
"Bệnh virus đốm vòng Đu đủ",Papaya_Ringspot,Bệnh virus,"<div><h2>Tổng quan bệnh hại</h2><p>Bệnh đốm vòng (Papaya Ringspot Virus - PRSV) là bệnh hủy diệt số 1 trên cây đu đủ. Một khi cây nhiễm bệnh sẽ không thể chữa khỏi, chỉ có thể phòng ngừa lây lan.</p><h3>Tác nhân & Lây truyền</h3><ul><li><strong>Tác nhân:</strong> Papaya Ringspot Virus (PRSV).</li><li><strong>Vector:</strong> Do các loài rệp muội (Aphids) truyền từ cây bệnh sang cây khỏe. Cũng lây qua dao cắt, vết thương.</li></ul><h3>Triệu chứng đặc trưng</h3><ul><li><strong>Trên lá:</strong> Lá bị khảm (màu xanh đậm xen kẽ xanh nhạt), phiến lá biến dạng, co rút nhỏ lại như chân vịt.</li><li><strong>Trên thân/cuống:</strong> Xuất hiện các vết sọc ngắn màu xanh đậm dường như ""thấm nước"".</li><li><strong>Trên quả:</strong> Xuất hiện các vòng tròn đồng tâm (đốm vòng) rất đặc trưng. Quả sần sùi, vị nhạt, không bán được.</li></ul></div>","1. Biện pháp xử lý (Không có thuốc trị bệnh):<br>- <strong>Chặt bỏ và tiêu hủy</strong> (đốt) ngay lập tức những cây có dấu hiệu bệnh để tránh lây sang cả vườn.<br><br>2. Biện pháp phòng ngừa:<br>- Trồng giống kháng bệnh hoặc giống sạch bệnh.<br>- Quản lý côn trùng môi giới (Rệp): Phun các thuốc trừ rệp như <strong>Imidacloprid</strong>, <strong>Acetamiprid</strong>, <strong>Pymetrozin</strong>.<br>- Không trồng xen canh với bầu, bí, dưa (ký chủ phụ của virus).","https://agritech.tnau.ac.in/crop_protection/images/papaya/sym1.jpg,https://thumbs.dreamstime.com/b/papaya-ringspot-virus-disease-attack-leaves-viet-nam-188517795.jpg,https://thumbs.dreamstime.com/b/papaya-ringspot-virus-papaya-leaves-viet-nam-papaya-ringspot-virus-disease-attack-papaya-leaves-viet-nam-188517891.jpg",Đu đủ
"Bệnh đốm đen lá Chuối (Sigatoka đen)",Banana_Black_Sigatoka,Bệnh nấm,"<div><h2>Tổng quan bệnh hại</h2><p>Bệnh Sigatoka đen là bệnh hại lá nguy hiểm nhất trên chuối thương phẩm toàn cầu, gây cháy lá hàng loạt, làm buồng chuối nhỏ và quả chín ép.</p><h3>Tác nhân gây bệnh</h3><ul><li><strong>Nấm:</strong> <em>Pseudocercospora fijiensis</em> (tên cũ <em>Mycosphaerella fijiensis</em>).</li></ul><h3>Triệu chứng phân biệt</h3><ul><li><strong>Giai đoạn đầu:</strong> Xuất hiện các sọc nhỏ màu nâu đỏ hoặc nâu gỉ sắt chạy song song với gân phụ của lá (mặt dưới lá).</li><li><strong>Giai đoạn sau:</strong> Các vết bệnh lan rộng, liên kết với nhau biến thành màu đen, mép viền vàng, làm cả tàu lá bị cháy khô và gục xuống.</li><li>Bệnh phát triển nhanh hơn và tàn phá mạnh hơn Sigatoka vàng.</li></ul></div>","1. Biện pháp canh tác:<br>- Cắt bỏ lá bệnh (tỉa lá) thường xuyên để giảm nguồn lây. Hệ thống thoát nước tốt để giảm độ ẩm.<br><br>2. Biện pháp hóa học:<br>- Đây là bệnh kháng thuốc rất nhanh, cần luân phiên hoạt chất.<br>- Nhóm Triazoles: <strong>Propiconazole</strong>, <strong>Difenoconazole</strong>, <strong>Tebuconazole</strong>.<br>- Nhóm Strobilurins: <strong>Azoxystrobin</strong>, <strong>Pyraclostrobin</strong>.<br>- Thuốc tiếp xúc: <strong>Mancozeb</strong>, <strong>Chlorothalonil</strong> (dùng xen kẽ để ngừa kháng thuốc).","https://upload.wikimedia.org/wikipedia/commons/4/42/Black_Leaf_Streak.jpg,https://www.agrobiotop.com/wp-content/uploads/2024/12/cercosporiose-noire-bananier-black-sigatoka.webp,https://plantwiseplusknowledgebank.org/cms/10.1079/pwkb.20197800244/asset/05d89b60-5f45-489e-b33b-413b83178fdb/assets/graphic/banana-black-sigatoka-malawi-2.jpg",Chuối
"Bệnh khảm lá Đu đủ",Papaya_Mosaic,Bệnh virus,"<div><h2>Tổng quan bệnh hại</h2><p>Bệnh khảm (Mosaic) gây ra hiện tượng lá lốm đốm, cây còi cọc và giảm năng suất nghiêm trọng. Thường dễ nhầm lẫn với bệnh đốm vòng nhưng triệu chứng trên quả khác biệt.</p><h3>Tác nhân gây bệnh</h3><ul><li><strong>Virus:</strong> Papaya Mosaic Virus (PapMV).</li><li><strong>Lây lan:</strong> Chủ yếu qua tiếp xúc cơ giới (dụng cụ làm vườn, tay người chạm vào cây bệnh rồi chạm cây khỏe) và rệp.</li></ul><h3>Triệu chứng nhận diện</h3><ul><li><strong>Trên lá:</strong> Lá có các mảng màu xanh đậm và xanh nhạt loang lổ (khảm). Lá non thường bị nhỏ, biến dạng.</li><li><strong>Trên cây:</strong> Cây sinh trưởng chậm, còi cọc (lùn), lá ở ngọn thường mọc chụm lại.</li><li><strong>Khác biệt với Ringspot:</strong> Bệnh khảm thường không gây ra các đốm vòng tròn trên quả.</li></ul></div>","1. Biện pháp canh tác:<br>- Vệ sinh dụng cụ (dao, kéo) bằng cồn hoặc xà phòng trước khi cắt tỉa.<br>- Nhổ bỏ và tiêu hủy cây bệnh.<br><br>2. Quản lý môi giới:<br>- Kiểm soát rệp bằng bẫy dính màu vàng hoặc phun thuốc trừ rệp (<strong>Thiamethoxam, Clothianidin</strong>).<br>- Tăng cường sức đề kháng cho cây bằng phân bón lá vi lượng và hữu cơ sinh học.","https://content.peat-cloud.com/w400/papaya-mosaic-virus-papaya-1580124005.jpg,https://res.cloudinary.com/dzstqe0re/image/upload/v1764606026/image_10_aug_3_rmrq77.jpg,https://res.cloudinary.com/dzstqe0re/image/upload/v1764606028/image_7_aug_2_uhvc6f.jpg",Đu đủ
"Cây chè khỏe mạnh",Tea_Healthy,Cây khỏe,"<div><h2>Mô tả trạng thái cây</h2><p>Cây chè (trà) khỏe mạnh cho năng suất búp cao, chất lượng hương vị tốt.</p><h3>Đặc điểm hình thái</h3><ul><li><strong>Búp chè:</strong> Búp non mập, màu xanh nõn chuối hoặc xanh lục (tùy giống), lông tuyết mịn rõ ràng (đối với chè Shan tuyết).</li><li><strong>Lá:</strong> Lá bánh tẻ xanh đậm, bóng, mép răng cưa đều, không có vết cháy, đốm đỏ hay vết phồng rộp.</li><li><strong>Thân cành:</strong> Phân cành đều, tán rộng, không bị rêu mốc hay nấm hồng bao phủ.</li></ul></div>","Duy trì canh tác:<br>1. Thu hái: Hái đúng kỹ thuật (1 tôm 2 lá), chừa lại lá cá để nuôi cây.<br>2. Dinh dưỡng: Bón đủ Đạm (để ra búp) nhưng cân đối với Kali và Lân. Bón phân hữu cơ ít nhất 1 lần/năm.<br>3. Tạo tán: Đốn phớt hàng năm để kích thích ra búp mới.","https://res.cloudinary.com/dzstqe0re/image/upload/v1764606200/20220101_090027_s1lzyt.jpg,https://res.cloudinary.com/dzstqe0re/image/upload/v1764606202/20220101_090010_bt2qlc.jpg,https://res.cloudinary.com/dzstqe0re/image/upload/v1764606204/20220101_085922_jda4xu.jpg",Chè
"Bệnh xoăn lá Đu đủ",Papaya_Curl,Bệnh virus,"<div><h2>Tổng quan bệnh hại</h2><p>Bệnh xoăn lá (Leaf Curl) khiến lá đu đủ co rúm, cây không phát triển được, thường dẫn đến mất trắng.</p><h3>Tác nhân & Lây truyền</h3><ul><li><strong>Tác nhân:</strong> Papaya Leaf Curl Virus (PaLCV).</li><li><strong>Vector truyền bệnh:</strong> Bọ phấn trắng (<em>Bemisia tabaci</em>) là môi giới chính truyền virus này.</li></ul><h3>Triệu chứng điển hình</h3><ul><li><strong>Lá:</strong> Lá bị xoăn tít, co rúm lại, viền lá cong vào trong hoặc cuộn xuống dưới. Gân lá sưng to và xanh đậm, trong khi phiến lá vàng hoặc xanh nhạt.</li><li><strong>Cây:</strong> Cây bị lùn (stunted), các đốt thân ngắn lại, hoa thường rụng, nếu đậu quả thì quả nhỏ và méo mó.</li></ul></div>","1. Xử lý cây bệnh:<br>- Không thể chữa khỏi. Cần nhổ bỏ cây bệnh ngay lập tức và rắc vôi bột xử lý đất.<br><br>2. Phòng trừ Bọ phấn trắng (Vector):<br>- Sử dụng bẫy dính màu vàng để bẫy bọ phấn.<br>- Phun các thuốc đặc trị rầy rệp/bọ phấn: <strong>Dinotefuran</strong>, <strong>Pymetrozine</strong>, <strong>Spirotetramat</strong> hoặc <strong>Abamectin</strong>.<br>- Che phủ luống trồng bằng màng phủ nilon phản quang để xua đuổi côn trùng.","https://content.peat-cloud.com/thumbnails/papaya-leaf-curl-virus-papaya-1667559705.jpg,https://plantvillage-production-new.s3.amazonaws.com/images/pics/000/101/075/original/PLC.jpg,https://static.agrostar.in/static/Feeds_Tip_20191228_Prevention-of--leaf-curl-virus-in-papaya_Hindi.jpg",Đu đủ
"Bệnh đốm đỏ/Tảo đỏ chè",Tea_Red_Spot,Bệnh tảo,"<div><h2>Tổng quan bệnh hại</h2><p>Bệnh đốm đỏ hay còn gọi là bệnh Tảo đỏ (Red Rust), do một loại tảo ký sinh gây ra chứ không phải nấm. Bệnh phổ biến trên các vườn chè già cỗi, chăm sóc kém.</p><h3>Tác nhân gây bệnh</h3><ul><li><strong>Tảo:</strong> <em>Cephaleuros virescens</em> (hoặc <em>Cephaleuros parasiticus</em>).</li></ul><h3>Triệu chứng nhận diện</h3><ul><li><strong>Trên lá già:</strong> Xuất hiện các đốm hình tròn màu cam hoặc đỏ gạch. Bề mặt vết bệnh có lớp nhung mịn (cơ quan sinh sản của tảo).</li><li><strong>Trên cành:</strong> Vết bệnh bao quanh cành làm cành khô, nứt nẻ, cây sinh trưởng kém, búp thưa.</li></ul><h3>Điều kiện phát sinh</h3><p>Vườn chè ẩm thấp, trồng quá dày, thiếu ánh sáng và cây thiếu dinh dưỡng (đặc biệt là Kali).</p></div>","1. Biện pháp canh tác:<br>- Đốn tỉa các cành già, cành bệnh để tạo độ thông thoáng.<br>- Bón tăng cường Kali và Lân để cây cứng cáp, tăng sức đề kháng.<br><br>2. Biện pháp hóa học:<br>- Tảo đỏ rất mẫn cảm với thuốc gốc Đồng.<br>- Phun các loại thuốc: <strong>Copper Oxychloride (Cốc 85)</strong>, <strong>Bordeaux (Boóc-đô) 1%</strong>, hoặc <strong>Copper Hydroxide</strong>.<br>- Phun ướt đều lên cả cành và lá già.","https://res.cloudinary.com/dzstqe0re/image/upload/v1764606459/20211227_165009_vfncbf.jpg,https://res.cloudinary.com/dzstqe0re/image/upload/v1764606461/20211227_160346_jmkqyy.jpg,https://res.cloudinary.com/dzstqe0re/image/upload/v1764606465/20211227_160158_li84gb.jpg",Chè
"Bệnh nhện đỏ hại Đu đủ",Papaya_Mite_disease,Côn trùng gây hại,"<div><h2>Tổng quan côn trùng</h2><p>Nhện đỏ (Mites) là đối tượng gây hại nguy hiểm trong mùa nắng nóng. Do kích thước rất nhỏ nên nông dân thường phát hiện muộn khi lá đã vàng.</p><h3>Tác nhân gây hại</h3><ul><li><strong>Tên khoa học:</strong> <em>Tetranychus</em> spp. (Nhện đỏ) hoặc <em>Polyphagotarsonemus latus</em> (Nhện trắng).</li></ul><h3>Triệu chứng điển hình</h3><ul><li><strong>Trên lá:</strong> Mặt trên lá xuất hiện các chấm vàng li ti lốm đốm (do nhện chích hút diệp lục). Mặt dưới lá có thể thấy lớp tơ mỏng. Lá bị nặng sẽ vàng khô và rụng.</li><li><strong>Kiểm tra:</strong> Soi kính lúp hoặc rũ nhẹ lá lên tờ giấy trắng sẽ thấy những chấm nhỏ xíu di chuyển nhanh.</li></ul></div>","1. Biện pháp sinh học:<br>- Bảo vệ thiên địch (bọ rùa, bọ trĩ ăn thịt).<br>- Phun nước áp lực mạnh lên tán lá để rửa trôi nhện.<br><br>2. Biện pháp hóa học:<br>- Nhện kháng thuốc rất nhanh, cần luân phiên thuốc.<br>- Thuốc trừ nhện đặc hiệu: <strong>Propargite</strong>, <strong>Fenpyroximate</strong>, <strong>Pyridaben</strong>, <strong>Abamectin</strong> hoặc dầu khoáng (Petroleum Spray Oil).<br>- Phun kỹ mặt dưới lá nơi nhện trú ẩn.","https://res.cloudinary.com/dzstqe0re/image/upload/v1764606555/image_9_aug_1_nrb0ue.jpg,https://res.cloudinary.com/dzstqe0re/image/upload/v1764606558/image_3_aug_2_j3cqwm.jpg,https://res.cloudinary.com/dzstqe0re/image/upload/v1764606560/image_1_aug_4_dvsu5b.jpg",Đu đủ
"Bệnh khô cành khô quả Cà phê (Phoma)",Coffee_Phoma,Bệnh nấm,"<div><h2>Tổng quan bệnh hại</h2><p>Bệnh do nấm Phoma (American Leaf Spot) gây ra, tấn công mạnh vào các bộ phận non, gây rụng lá, rụng quả hàng loạt, đặc biệt ở các vùng cao, lạnh và ẩm.</p><h3>Tác nhân gây bệnh</h3><ul><li><strong>Nấm:</strong> <em>Phoma costarricensis</em> (hoặc chi <em>Phoma</em> spp.).</li></ul><h3>Triệu chứng chi tiết</h3><ul><li><strong>Trên lá non:</strong> Các đốm đen bất định, nhăn nheo, lan rộng làm cháy mép lá hoặc biến dạng lá.</li><li><strong>Trên cành/chồi non:</strong> Vết bệnh lõm xuống, màu nâu đen bao quanh cành làm chết ngọn.</li><li><strong>Trên quả:</strong> Vết bệnh màu đen ăn sâu vào vỏ quả, làm quả non bị thối và rụng.</li></ul></div>","1. Biện pháp canh tác:<br>- Trồng cây che bóng hợp lý để giảm sương muối và gió lạnh (điều kiện nấm phát triển).<br>- Cắt bỏ các chồi, cành nhiễm bệnh đem đốt.<br><br>2. Biện pháp hóa học:<br>- Phun phòng vào đầu mùa mưa hoặc sau các đợt sương muối.<br>- Hoạt chất hiệu quả: <strong>Azoxystrobin</strong>, <strong>Difenoconazole</strong>, <strong>Chlorothalonil</strong> hoặc thuốc gốc Đồng (<strong>Copper Hydroxide</strong>).<br>- Các loại thuốc thương mại phổ biến: Amistar Top, Anvil, Daconil.","https://res.cloudinary.com/dzstqe0re/image/upload/v1764606652/17_xsgavz.jpg,https://res.cloudinary.com/dzstqe0re/image/upload/v1764606649/245_c1dtjn.jpg,https://res.cloudinary.com/dzstqe0re/image/upload/v1764606647/263_z5t8ox.jpg",Cà phê
"Cây ngô khỏe mạnh",Corn_Healthy,Cây khỏe,"<div><h2>Mô tả trạng thái cây</h2><p>Cây ngô (bắp) khỏe mạnh là nền tảng cho năng suất hạt cao, bắp to và đều hạt.</p><h3>Đặc điểm hình thái</h3><ul><li><strong>Lá:</strong> Lá dài, rộng bản, màu xanh đậm, gân lá giữa nổi rõ. Lá vươn thẳng hoặc cong đều, không bị rách, không có sọc vàng hay đốm nâu.</li><li><strong>Thân:</strong> Thân mập, lóng ngắn và đều, rễ chân kiềng phát triển mạnh giúp cây đứng vững.</li><li><strong>Bắp:</strong> Râu ngô tươi (giai đoạn phun râu), bao bắp kín, không bị sâu đục.</li></ul></div>","Duy trì canh tác:<br>1. Dinh dưỡng: Ngô rất phàm ăn. Bón lót phân chuồng, bón thúc NPK 3 đợt (khi 3-4 lá, khi xoáy nõn, khi phun râu).<br>2. Quản lý sâu bệnh: Sử dụng thuốc hạt rải vào loa kèn để phòng sâu đục thân (nếu cần). Làm cỏ sạch sẽ.<br>3. Tưới nước: Đủ ẩm giai đoạn trổ cờ phun râu.","https://thumbs.dreamstime.com/b/green-leaves-sweet-corn-garden-green-leaves-sweet-corn-garden-356606209.jpg,https://www.researchgate.net/profile/Md-Haque-165/publication/354688452/figure/fig1/AS:1069723160686592@1632053284465/Example-of-healthya-and-infectedb-corn-leaves-for-classification-and-disease.jpg,https://www.shutterstock.com/image-photo/agricultural-land-green-corn-farm-260nw-2341392925.jpg",Ngô
"Bệnh héo rũ vi khuẩn Chuối (Moko)",Banana_Moko,Bệnh vi khuẩn,"<div><h2>Tổng quan bệnh hại</h2><p>Bệnh Moko (Bacterial Wilt) là một trong những bệnh nguy hiểm nhất trên chuối, có mức độ tàn phá tương đương bệnh Panama nhưng lây lan nhanh hơn qua dụng cụ cắt tỉa.</p><h3>Tác nhân gây bệnh</h3><ul><li><strong>Vi khuẩn:</strong> <em>Ralstonia solanacearum</em> (Chủng race 2).</li></ul><h3>Triệu chứng đặc trưng</h3><ul><li><strong>Trên lá:</strong> Các lá non bị héo rũ, chuyển vàng và gục xuống trong khi cuống lá vẫn còn xanh.</li><li><strong>Trên buồng quả:</strong> Trái chuối chín ép, vỏ nứt toác, ruột bên trong bị thối đen cứng (thối khô) dù vỏ vẫn xanh hoặc vàng loang lổ.</li><li><strong>Bên trong thân:</strong> Khi cắt ngang thân giả, mạch dẫn bị biến màu thành các vòng tròn màu nâu hoặc đen, tiết ra dịch vi khuẩn màu trắng đục hoặc nâu.</li></ul></div>","1. Xử lý triệt để (Bắt buộc):<br>- Chặt bỏ toàn bộ cây bệnh và rắc vôi bột vào gốc để khử trùng đất.<br>- Tuyệt đối không vận chuyển chuối bệnh sang vùng khác.<br><br>2. Vệ sinh dụng cụ:<br>- Sát khuẩn dao cắt bằng Formol, thuốc tím hoặc hơ lửa sau mỗi lần cắt tỉa.<br><br>3. Phòng ngừa:<br>- Ngắt bỏ hoa đực (bắp chuối) sớm để ngăn côn trùng truyền bệnh vào cuống hoa.<br>- Sử dụng thuốc gốc Đồng (<strong>Copper Oxychloride</strong>) hoặc kháng sinh <strong>Streptomycin</strong>, <strong>Kasugamycin</strong> tưới gốc để hạn chế lây lan (hiệu quả thấp nếu cây đã bệnh nặng).","https://res.cloudinary.com/dzstqe0re/image/upload/v1764682299/aug_0_Augmented_Banana_Moko_Disease_31_lzgxr6.jpg,https://res.cloudinary.com/dzstqe0re/image/upload/v1764682282/aug_0_Augmented_Banana_Moko_Disease_281_gniouz.jpg,https://res.cloudinary.com/dzstqe0re/image/upload/v1764682279/aug_0_Augmented_Banana_Moko_Disease_5_tz7buk.jpg",Chuối
"Bệnh thán thư Xoài",Mango_Anthracnose,Bệnh nấm,"<div><h2>Tổng quan bệnh hại</h2><p>Bệnh thán thư (Anthracnose) xuất hiện phổ biến vào mùa mưa, gây hại trên cả lá, hoa và quả, làm giảm nghiêm trọng chất lượng xuất khẩu.</p><h3>Tác nhân gây bệnh</h3><ul><li><strong>Nấm:</strong> <em>Colletotrichum gloeosporioides</em>.</li></ul><h3>Triệu chứng nhận diện</h3><ul><li><strong>Trên lá:</strong> Các đốm nâu tròn hoặc góc cạnh, tâm xám trắng, viền nâu đậm, thường làm rách lá hoặc thủng lỗ.</li><li><strong>Trên hoa:</strong> Các chấm đen li ti trên cuống hoa và nụ, làm hoa khô đen và rụng hàng loạt (khô bông).</li><li><strong>Trên quả:</strong> Vết bệnh là các chấm đen lõm sâu vào thịt quả, lan rộng thành mảng lớn gây thối quả. Đặc trưng là vệt nước chảy đen (tear stain) từ cuống xuống.</li></ul></div>","1. Biện pháp canh tác:<br>- Tỉa cành tạo tán sau thu hoạch để vườn thông thoáng, khô ráo.<br>- Bao trái sớm để tránh nước mưa mang bào tử nấm tiếp xúc với vỏ trái.<br><br>2. Biện pháp hóa học (Đặc trị):<br>- Phun phòng vào giai đoạn ra hoa, đậu trái và trước thu hoạch.<br>- Các hoạt chất hiệu quả cao: <strong>Azoxystrobin</strong> (Amistar), <strong>Difenoconazole</strong> (Score), <strong>Propineb</strong> (Antracol) hoặc <strong>Carbendazim</strong>.<br>- Xử lý sau thu hoạch: Nhúng trái vào nước nóng 52°C có pha Benomyl trong 10 phút.","https://thumbs.dreamstime.com/z/anthracnose-disease-mango-leaf-caused-colletotrichum-gloeosporioides-white-background-279412223.jpg,https://omo-oss-image.thefastimg.com/portal-saas/pg2024041911260041575/cms/image/d3415691-9e7f-4381-b0b6-bf7b0b2029af.jpg,https://live.staticflickr.com/7397/12528091755_aac65b4469_b.jpg",Xoài
"Bệnh thán thư Đu đủ",Papaya_Anthracnose,Bệnh nấm,"<div><h2>Tổng quan bệnh hại</h2><p>Bệnh thán thư là nguyên nhân chính gây thối hỏng đu đủ sau thu hoạch, khiến quả không thể bảo quản lâu.</p><h3>Tác nhân gây bệnh</h3><ul><li><strong>Nấm:</strong> <em>Colletotrichum gloeosporioides</em>.</li></ul><h3>Triệu chứng điển hình</h3><ul><li><strong>Trên quả xanh:</strong> Vết bệnh ẩn, khó thấy.</li><li><strong>Trên quả chín:</strong> Xuất hiện các đốm tròn trũng xuống (lõm), ủng nước. Trên vết bệnh có lớp bào tử nấm màu hồng hoặc cam nhớt. Các đốm liên kết làm quả thối nhũn nhanh chóng.</li><li><strong>Trên lá/cuống:</strong> Đốm nâu nhỏ, lá vàng và rụng sớm.</li></ul></div>","1. Biện pháp canh tác:<br>- Thu hái nhẹ nhàng, tránh làm bầm dập vỏ quả.<br>- Tiêu hủy các lá và quả bị bệnh trong vườn.<br><br>2. Biện pháp hóa học:<br>- Phun thuốc định kỳ từ khi đậu quả đến trước thu hoạch 10 ngày.<br>- Hoạt chất: <strong>Mancozeb</strong>, <strong>Chlorothalonil</strong>, <strong>Azoxystrobin</strong> hoặc <strong>Thiophanate-methyl</strong>.<br>- Xử lý quả sau thu hoạch bằng nước nóng 48°C trong 20 phút.","https://res.cloudinary.com/dzstqe0re/image/upload/v1764682646/image_54_aug_5_yefhpo.jpg,https://res.cloudinary.com/dzstqe0re/image/upload/v1764682642/image_73_aug_5_nqyh6u.jpg,https://blog.plantwise.org/wp-content/uploads/sites/7/2022/06/1.jpg",Đu đủ
"Bệnh héo rũ Panama hại Chuối",Banana_Panama,Bệnh nấm,"<div><h2>Tổng quan bệnh hại</h2><p>Bệnh Panama (Fusarium Wilt) là ""ung thư"" của cây chuối, nấm tồn tại trong đất hàng chục năm, không thể tiêu diệt hoàn toàn.</p><h3>Tác nhân gây bệnh</h3><ul><li><strong>Nấm:</strong> <em>Fusarium oxysporum</em> f. sp. <em>cubense</em> (Đặc biệt là chủng TR4).</li></ul><h3>Triệu chứng phân biệt</h3><ul><li><strong>Bên ngoài:</strong> Lá già vàng trước, sau đó lan lên lá non. Các lá vàng gãy gập ở cuống, treo rủ quanh thân giả như ""váy đầm"". Cây chết đứng nhưng thân không đổ.</li><li><strong>Bên trong:</strong> Cắt ngang thân giả thấy các mạch dẫn bị hóa gỗ màu nâu đỏ hoặc tím tía, bốc mùi hôi nhẹ.</li><li><strong>Phân biệt với Moko:</strong> Moko có dịch vi khuẩn chảy ra, Panama thì khô hơn.</li></ul></div>","1. Phòng ngừa là chính (Chưa có thuốc đặc trị hiệu quả 100%):<br>- Sử dụng giống kháng bệnh (như nhóm Cavendish kháng TR4).<br>- Không dùng cây con từ vườn bệnh.<br><br>2. Biện pháp sinh học:<br>- Bón lót nấm đối kháng <strong>Trichoderma</strong> spp. ủ với phân chuồng để cạnh tranh với nấm bệnh trong đất.<br>- Sử dụng chế phẩm vi sinh <em>Streptomyces</em>.<br><br>3. Xử lý ổ dịch:<br>- Khoanh vùng, đào bỏ cây bệnh, rắc vôi và ngập nước để diệt nấm.","https://www.shutterstock.com/image-photo/yellow-sigatoka-leaf-spot-banana-600nw-1859915968.jpg,https://content.peat-cloud.com/w400/panama-disease-banana-1576510150.jpg,https://d2cbg94ubxgsnp.cloudfront.net/Pictures/1024x536/1/4/8/536148_panama_disease_high_resolution_043_698713_crop.jpg",Chuối
"Bệnh đốm lá lớn Ngô (Blight)",Corn_Blight,Bệnh nấm,"<div><h2>Tổng quan bệnh hại</h2><p>Bệnh đốm lá lớn (Northern Corn Leaf Blight) hay cháy lá, làm giảm diện tích quang hợp, hạt bị lép, năng suất giảm tới 30-50%.</p><h3>Tác nhân gây bệnh</h3><ul><li><strong>Nấm:</strong> <em>Exserohilum turcicum</em> (hoặc <em>Helminthosporium turcicum</em>).</li></ul><h3>Triệu chứng nhận diện</h3><ul><li><strong>Vết bệnh:</strong> Hình thoi dài (như điếu xì gà), màu xám bạc hoặc nâu nhạt. Kích thước vết bệnh lớn (dài 5-10cm).</li><li><strong>Vị trí:</strong> Xuất hiện trước ở các lá già dưới gốc, sau lan dần lên trên. Khi nặng, các vết liên kết làm toàn bộ lá khô cháy như bị luộc nước sôi.</li></ul></div>","1. Biện pháp canh tác:<br>- Luân canh với cây trồng khác họ (đậu, lúa) để cắt đứt nguồn bệnh.<br>- Vệ sinh đồng ruộng, cày vùi tàn dư sau thu hoạch.<br><br>2. Biện pháp hóa học:<br>- Phun khi vết bệnh chớm xuất hiện.<br>- Hoạt chất: <strong>Azoxystrobin</strong>, <strong>Difenoconazole</strong>, <strong>Propiconazole</strong> hoặc <strong>Mancozeb</strong>.<br>- Các sản phẩm thương mại: Amistar Top, Tilt Super, Nativo.","https://guide.utcrops.com/wp-content/uploads/2023/06/Northern-Corn-Leaf-Blight-1-e1687461214618.png,https://www.topcropmanager.com/wp-content/uploads/2019/01/d787d6a8ecc13dffeb9be21ae3e0e757.jpg,https://extension.umn.edu/sites/extension.umn.edu/files/northernleafblight2_600px.jpg",Ngô
"Bệnh đốm lá Sigatoka vàng Chuối",Banana_Yellow_Sigatoka,Bệnh nấm,"<div><h2>Tổng quan bệnh hại</h2><p>Bệnh Sigatoka vàng phổ biến ở các vùng trồng chuối vùng cao hoặc khí hậu mát hơn. Bệnh nhẹ hơn Sigatoka đen nhưng vẫn gây giảm năng suất đáng kể.</p><h3>Tác nhân gây bệnh</h3><ul><li><strong>Nấm:</strong> <em>Pseudocercospora musae</em> (tên cũ <em>Mycosphaerella musicola</em>).</li></ul><h3>Triệu chứng chi tiết</h3><ul><li><strong>Giai đoạn đầu:</strong> Các sọc nhỏ màu vàng nhạt chạy dọc theo gân lá (khác với Sigatoka đen là sọc nâu đỏ).</li><li><strong>Giai đoạn sau:</strong> Vết bệnh mở rộng thành hình bầu dục, tâm màu xám trắng, viền vàng rực rỡ xung quanh.</li><li>Lá bị cháy khô từ mép vào, giảm tuổi thọ của lá.</li></ul></div>","1. Biện pháp canh tác:<br>- Đánh tỉa lá già, lá bệnh định kỳ 1-2 tuần/lần.<br>- Mương máng thoát nước tốt, tránh đọng nước.<br><br>2. Biện pháp hóa học:<br>- Phun luân phiên các nhóm thuốc để tránh kháng:<br>- Nhóm 1: <strong>Mancozeb</strong>, <strong>Chlorothalonil</strong> (Tiếp xúc, phòng ngừa).<br>- Nhóm 2: <strong>Propiconazole</strong>, <strong>Tebuconazole</strong>, <strong>Epoxiconazole</strong> (Nội hấp, trị bệnh).<br>- Có thể pha chung với dầu khoáng để tăng độ bám dính.","https://farmbizafrica.com/wp-content/uploads/2020/08/9686917813_d5aaecf471_b-1.jpg,https://agritech.tnau.ac.in/crop_protection/images/banana_diseases/8.2.jpg,https://static.agrostar.in/static/Feeds_Tip_20191223_Prevention-of-Sigatoka-leaf-spot-Disease-in-Banana_Hindi.jpg",Chuối
"Bệnh khô cành thối quả Xoài (Dieback)",Mango_Die_Back,Bệnh nấm,"<div><h2>Tổng quan bệnh hại</h2><p>Bệnh chết ngược (Dieback) gây hiện tượng khô cành từ ngọn xuống, thường kèm theo hiện tượng chảy gôm (xì mủ), làm cây suy kiệt dần.</p><h3>Tác nhân gây bệnh</h3><ul><li><strong>Nấm:</strong> <em>Lasiodiplodia theobromae</em> (thuộc nhóm nấm Botryosphaeriaceae).</li></ul><h3>Triệu chứng đặc trưng</h3><ul><li><strong>Trên cành:</strong> Bắt đầu từ đầu ngọn cành bị khô, lá héo rũ nhưng không rụng ngay. Vết khô lan dần xuống phía dưới (chết ngược). Vỏ cành chuyển màu nâu sẫm, nứt nẻ và chảy nhựa.</li><li><strong>Bên trong:</strong> Chẻ dọc cành bệnh thấy mạch gỗ bị biến màu nâu đen chạy dọc theo chiều dài.</li></ul></div>","1. Biện pháp canh tác (Cắt tỉa):<br>- Cắt bỏ cành bệnh tại vị trí cách vết bệnh khoảng 20-30cm về phía cành khỏe.<br>- Bôi keo liền sẹo hoặc vôi vào vết cắt.<br><br>2. Biện pháp hóa học:<br>- Phun rửa vườn sau khi thu hoạch và cắt tỉa.<br>- Sử dụng thuốc gốc Đồng (<strong>Copper Hydroxide</strong>) hoặc <strong>Thiophanate-methyl</strong>, <strong>Carbendazim</strong>.<br>- Tưới gốc bằng chế phẩm sinh học <em>Trichoderma</em> để đối kháng nấm trong đất.","https://res.cloudinary.com/dzstqe0re/image/upload/v1764683478/20211129_162459_Custom_x2hpkg.jpg,https://res.cloudinary.com/dzstqe0re/image/upload/v1764683475/20211129_162511_Custom_sxolsp.jpg,https://res.cloudinary.com/dzstqe0re/image/upload/v1764683456/20211129_162514_Custom_opjkjf.jpg",Xoài
"Cây đu đủ khỏe mạnh",Papaya_Healthy,Cây khỏe,"<div><h2>Mô tả trạng thái cây</h2><p>Cây đu đủ khỏe mạnh có thân mập, bộ lá xanh bền và sạch bệnh, đảm bảo khả năng nuôi quả liên tục.</p><h3>Đặc điểm hình thái</h3><ul><li><strong>Lá:</strong> Phiến lá to, xẻ thùy sâu, màu xanh đậm, không bị khảm (loang lổ) hay xoăn tít. Cuống lá dài, cứng cáp.</li><li><strong>Thân:</strong> Thân thẳng, vỏ nhẵn, không có vết loét chảy nhựa hay các sọc xanh đậm (dấu hiệu virus).</li><li><strong>Quả:</strong> Vỏ quả nhẵn bóng, không có đốm vòng hay vết thán thư.</li></ul></div>","Duy trì canh tác:<br>1. Quản lý nước: Đu đủ rất sợ úng, rễ dễ bị thối. Cần lên liếp cao, thoát nước tốt.<br>2. Dinh dưỡng: Bón phân cân đối, bổ sung Boron và Canxi để quả không bị nứt và biến dạng.<br>3. Phòng virus: Quản lý tốt rệp và bọ phấn trắng ngay từ khi trồng mới.","https://5.imimg.com/data5/SELLER/Default/2025/4/500920816/ML/PU/FD/236206623/papaya-leaves.jpg,https://thumbs.dreamstime.com/b/close-up-papaya-leaf-indonesia-leaves-one-most-widely-consumed-vegetables-apart-having-distinctive-taste-have-220010013.jpg,https://www.livemint.com/lm-img/img/2024/11/15/900x1600/Papaya_leaf__1731659812870_1731659813265.jpg",Đu đủ
"Nhện đỏ hại Sắn (Khoai mì)",Cassava_Green_Mite,Côn trùng gây hại,"<div><h2>Tổng quan côn trùng</h2><p>Nhện đỏ (Green Mite) là dịch hại nguy hiểm nhất trên cây sắn trong mùa khô, làm giảm năng suất củ tới 50-80%.</p><h3>Tác nhân gây hại</h3><ul><li><strong>Tên khoa học:</strong> <em>Mononychellus tanajoa</em>.</li></ul><h3>Triệu chứng điển hình</h3><ul><li><strong>Trên lá non:</strong> Nhện chích hút ở mặt dưới lá non, tạo thành các chấm trắng hoặc vàng li ti. Lá bị biến dạng, nhỏ lại, loang lổ (khảm).</li><li><strong>Ngọn cây:</strong> Khi mật độ cao, ngọn cây bị rụt lại, lá rụng, trơ trọi như ""cây nến"" (Candle stick symptom).</li><li><strong>Phân biệt:</strong> Khác với bệnh Khảm lá (Mosaic) là nhện gây hại chủ yếu mặt dưới lá và có thể thấy xác nhện/trứng.</li></ul></div>","1. Biện pháp sinh học (Hiệu quả nhất):<br>- Sử dụng thiên địch là loài nhện bắt mồi <em>Typhlodromalus aripo</em> (được thả nuôi ở nhiều vùng trồng sắn).<br><br>2. Biện pháp canh tác:<br>- Trồng sớm vào đầu mùa mưa để cây lớn mạnh trước khi mùa khô đến (mùa nhện bùng phát).<br>- Luân canh sắn với cây đậu đỗ.<br><br>3. Biện pháp hóa học:<br>- Chỉ dùng khi thực sự cần thiết để bảo vệ thiên địch.<br>- Phun các thuốc trừ nhện: <strong>Propargite</strong>, <strong>Pyridaben</strong>, <strong>Diafenthiuron</strong> hoặc <strong>Spiromesifen</strong>.","https://www.infonet-biovision.org/sites/default/files/plant_health/cropsfruitsvegetables/888_0.jpeg,https://plantwiseplusknowledgebank.org/cms/10.1079/pwkb.20167800978/asset/9b79c9e3-18b7-4700-866d-28ac590a1c02/assets/graphic/cassava-green-mite-global-2.png,https://content.peat-cloud.com/w400/cassava-green-spider-mite-1.jpg",Sắn
"Bệnh đốm đỏ lá Mía",Sugarcane_Red_Spot,Bệnh nấm,"<div><h2>Tổng quan bệnh hại</h2><p>Bệnh đốm đỏ (Red Leaf Spot) hay Đốm tím, thường xuất hiện vào giai đoạn vươn lóng đến chín, làm lá khô sớm, giảm trữ đường.</p><h3>Tác nhân gây bệnh</h3><ul><li><strong>Nấm:</strong> <em>Dimeriella sacchari</em> (hoặc liên quan đến <em>Cercospora</em> spp.).</li></ul><h3>Triệu chứng nhận diện</h3><ul><li><strong>Vết bệnh:</strong> Ban đầu là các đốm nhỏ màu đỏ tươi hoặc đỏ mận chín ở cả hai mặt lá.</li><li><strong>Phát triển:</strong> Các đốm lan rộng thành hình bầu dục hoặc bất định, màu đỏ tím, xung quanh có thể có viền vàng. Khi già vết bệnh chuyển màu nâu xám.</li><li><strong>Tác hại:</strong> Lá bị bệnh quang hợp kém, nếu nặng sẽ khô toàn bộ lá.</li></ul></div>","1. Biện pháp canh tác:<br>- Sử dụng giống kháng bệnh.<br>- Bón phân cân đối, không bón quá nhiều Đạm vào cuối vụ.<br>- Bóc lá già (đánh lá) để ruộng thông thoáng.<br><br>2. Biện pháp hóa học:<br>- Bệnh thường nhẹ và ít khi cần phun thuốc.<br>- Nếu bệnh quá nặng, phun các thuốc gốc Đồng (<strong>Copper Oxychloride</strong>), <strong>Mancozeb</strong> hoặc <strong>Carbendazim</strong> để chặn đứng lây lan.","https://agritech.tnau.ac.in/crop_protection/images/sugarcane_diseases/4.1.jpg,https://content.peat-cloud.com/thumbnails/red-rot-sugarcane-1562576282.jpg,https://media.springernature.com/lw685/springer-static/image/chp%3A10.1007%2F978-981-13-1319-6_1/MediaObjects/463724_1_En_1_Fig17_HTML.jpg",Mía
"Bệnh rỉ sắt thường trên Ngô",Corn_Common_Rust,Bệnh nấm,"<div><h2>Tổng quan bệnh hại</h2><p>Bệnh rỉ sắt (Common Rust) làm giảm năng suất do phá hủy diện tích quang hợp. Bào tử nấm có thể theo gió bay xa hàng trăm km.</p><h3>Tác nhân gây bệnh</h3><ul><li><strong>Nấm:</strong> <em>Puccinia sorghi</em>.</li></ul><h3>Triệu chứng nhận diện</h3><ul><li><strong>Vết bệnh:</strong> Các mụn nhỏ (u sưng) màu nâu đỏ hoặc nâu vàng nổi gồ lên trên cả hai mặt lá.</li><li><strong>Phát triển:</strong> Khi mụn vỡ ra sẽ giải phóng các bụi phấn (bào tử) màu rỉ sắt. Cuối vụ, các mụn này chuyển sang màu đen (bào tử đông).</li><li><strong>Phân biệt:</strong> Rỉ sắt thường (<em>P. sorghi</em>) mọc kín hai mặt lá, khác với Rỉ sắt phía Nam (<em>P. polysora</em>) chủ yếu ở mặt trên.</li></ul></div>","1. Biện pháp canh tác:<br>- Trồng giống ngô lai kháng bệnh (biện pháp hiệu quả nhất).<br>- Không gieo trồng quá muộn ở các vùng hay có sương mù.<br><br>2. Biện pháp hóa học:<br>- Phun khi bệnh chớm xuất hiện trên các lá ngọn.<br>- Hoạt chất đặc trị: <strong>Azoxystrobin</strong>, <strong>Difenoconazole</strong>, <strong>Propiconazole</strong>, <strong>Tebuconazole</strong> hoặc <strong>Mancozeb</strong>.<br>- Sản phẩm gợi ý: Tilt Super, Amistar Top.","https://extension.umn.edu/sites/extension.umn.edu/files/commonrust_600px.jpg,https://ohioline.osu.edu/sites/ohioline/files/og_images/PLPATH-CER-02-SM.jpg,https://bugwoodcloud.org/images/768x512/5505081.jpg",Ngô
"Sâu vẽ bùa Cà phê (Dòi đục lá)",Coffee_Miner,Côn trùng gây hại,"<div><h2>Tổng quan côn trùng</h2><p>Sâu vẽ bùa hay Dòi đục lá (Leaf Miner) là dịch hại nguy hiểm, đặc biệt trong mùa khô, làm rụng lá hàng loạt, cây trơ cành.</p><h3>Tác nhân gây hại</h3><ul><li><strong>Tên khoa học:</strong> <em>Leucoptera coffeella</em> (Bướm đêm).</li></ul><h3>Triệu chứng điển hình</h3><ul><li><strong>Trên lá:</strong> Sâu non nằm giữa hai lớp biểu bì ăn phần thịt lá, tạo thành các mảng loang lổ màu nâu cháy (khác với sâu vẽ bùa cam quýt là đường ngoằn ngoèo, ở cà phê thường là mảng lớn).</li><li><strong>Hậu quả:</strong> Vết bệnh khô giòn, lá bị biến dạng và rụng rất nhanh. Cây suy kiệt không nuôi được quả.</li></ul></div>","1. Biện pháp canh tác:<br>- Tỉa cành tạo tán để ánh sáng lọt vào (bướm không thích ánh sáng trực tiếp).<br>- Bón phân cân đối, tưới đủ nước.<br><br>2. Biện pháp sinh học:<br>- Bảo vệ các loài ong ký sinh tự nhiên.<br><br>3. Biện pháp hóa học:<br>- Sâu nằm trong lá nên thuốc tiếp xúc ít hiệu quả. Cần dùng thuốc nội hấp (lưu dẫn) hoặc thấm sâu.<br>- Hoạt chất: <strong>Cyantraniliprole</strong>, <strong>Chlorantraniliprole</strong>, <strong>Abamectin</strong>, <strong>Cartap</strong> hoặc <strong>Permethrin</strong>.<br>- Phun khi thấy bướm rộ hoặc vết đục mới xuất hiện.","https://www.hawaiicoffeeed.com/uploads/2/6/7/7/26772370/img-1345_orig.jpg,https://www.hawaiicoffeeed.com/uploads/2/6/7/7/26772370/foto_orig.jpg,https://assets.revistacultivar.com.br/062563e3-54e5-4e5e-bc55-c51141ce6be1.jpg",Cà phê
"Bọ xít muỗi hại Chè",Tea_Helopeltis,Côn trùng gây hại,"<div><h2>Tổng quan côn trùng</h2><p>Bọ xít muỗi (Tea Mosquito Bug) là ""kẻ thù số 1"" của cây chè, chích hút búp non làm giảm nghiêm trọng năng suất và chất lượng chè búp.</p><h3>Tác nhân gây hại</h3><ul><li><strong>Tên khoa học:</strong> <em>Helopeltis theivora</em>.</li></ul><h3>Triệu chứng nhận diện</h3><ul><li><strong>Trên búp non:</strong> Vết chích ban đầu trong như giọt dầu, sau chuyển nâu thẫm. Búp chè bị chích sẽ khô, đen và quăn queo (hiện tượng ""chè cháy"").</li><li><strong>Trên lá non:</strong> Lá bị thủng lỗ chỗ, biến dạng.</li><li>Bọ thường hoạt động mạnh vào sáng sớm hoặc chiều mát, những ngày âm u.</li></ul></div>","1. Biện pháp canh tác:<br>- Hái chè triệt để (hái chạy) khi mật độ bọ cao để loại bỏ trứng và bọ non.<br>- Vệ sinh cỏ dại quanh vườn (nơi trú ẩn của bọ).<br><br>2. Biện pháp hóa học:<br>- Phun thuốc vào sáng sớm hoặc chiều mát.<br>- Hoạt chất: <strong>Thiamethoxam</strong>, <strong>Imidacloprid</strong>, <strong>Acetamiprid</strong>, <strong>Alpha-cypermethrin</strong>.<br>- Chú ý thời gian cách ly để đảm bảo dư lượng thuốc trong chè.","https://www.koppert.in/content/_processed_/6/a/csm_tea_mosquito_bug_helopeltis_theivora_damage_1_koppert_10b6b60b50.jpg,https://thumbs.dreamstime.com/b/helopeltis-theivora-waterhouse-pest-tea-emerging-as-commonly-occurring-major-soursop-recent-times-mosquito-bug-feeding-212252065.jpg,https://thumbs.dreamstime.com/b/helopeltis-theivora-waterhouse-pest-tea-emerging-as-commonly-occurring-major-soursop-recent-times-mosquito-bug-feeding-212252072.jpg",Chè
"Bệnh chấm xám/Thán thư Chè",Tea_Brown_Blight,Bệnh nấm,"<div><h2>Tổng quan bệnh hại</h2><p>Bệnh chấm xám hay Thối nâu (Brown Blight) thường tấn công các lá già hoặc cây suy yếu, làm rụng lá, cây xơ xác.</p><h3>Tác nhân gây bệnh</h3><ul><li><strong>Nấm:</strong> <em>Colletotrichum camelliae</em> (hoặc <em>Glomerella cingulata</em>).</li></ul><h3>Triệu chứng điển hình</h3><ul><li><strong>Vị trí:</strong> Thường bắt đầu từ mép lá hoặc chóp lá lan vào trong.</li><li><strong>Vết bệnh:</strong> Các đốm lớn màu nâu hoặc xám tro, hình tròn hoặc bất định. Trên vết bệnh có các hạt nhỏ màu đen xếp thành vòng đồng tâm (bào tử nấm).</li><li><strong>Ranh giới:</strong> Giữa phần bệnh và phần khỏe thường có viền nâu đậm rõ rệt.</li></ul></div>","1. Biện pháp canh tác:<br>- Tạo tán, tỉa cành để vườn thông thoáng, giảm ẩm độ.<br>- Bón phân Kali để tăng độ dày của lá.<br>- Thoát nước tốt trong mùa mưa.<br><br>2. Biện pháp hóa học:<br>- Phun phòng khi điều kiện thời tiết thuận lợi cho nấm (mưa nhiều).<br>- Hoạt chất: <strong>Chlorothalonil</strong>, <strong>Mancozeb</strong>, <strong>Thiophanate-methyl</strong> hoặc <strong>Azoxystrobin</strong>.<br>- Phun ướt đều tán lá.","https://www.researchgate.net/profile/B-M-Shahria-Alam/publication/392571947/figure/fig3/AS:11431281508935769@1750432748261/Sample-of-tea-leaves-having-brown-blight-disease.png,https://agritech.tnau.ac.in/crop_protection/images/tea_diseases/brown_blight_1.jpg,https://media.springernature.com/lw685/springer-static/image/art%3A10.1007%2Fs10658-021-02433-2/MediaObjects/10658_2021_2433_Fig1_HTML.jpg",Chè
"Nhện đỏ hại Mía",Sugarcane_Mites,Côn trùng gây hại,"<div><h2>Tổng quan côn trùng</h2><p>Nhện hại mía (Sugarcane Mite) hút nhựa làm lá mất diệp lục, quang hợp kém, ảnh hưởng đến chữ đường.</p><h3>Tác nhân gây hại</h3><ul><li><strong>Tên khoa học:</strong> <em>Oligonychus indicus</em>.</li></ul><h3>Triệu chứng nhận diện</h3><ul><li><strong>Trên lá:</strong> Xuất hiện các vết sọc màu đỏ tía hoặc nâu đỏ chạy dọc theo gân lá (do đó còn gọi là Nhện đỏ). Mặt dưới lá có màng tơ mỏng.</li><li><strong>Cấp độ:</strong> Khi nặng, toàn bộ lá chuyển sang màu đỏ rực như bị cháy, sau đó khô và rụng sớm.</li><li>Bệnh thường bùng phát vào mùa khô hạn.</li></ul></div>","1. Biện pháp canh tác:<br>- Giữ ẩm cho ruộng mía trong mùa khô. Nhện rất sợ nước, có thể tưới phun mưa áp lực mạnh để rửa trôi nhện.<br>- Đốt hoặc vệ sinh lá khô sau thu hoạch.<br><br>2. Biện pháp hóa học:<br>- Rất khó trị vì nhện nằm dưới mặt lá và có tơ che chở.<br>- Hoạt chất đặc trị nhện: <strong>Propargite</strong>, <strong>Diafenthiuron</strong>, <strong>Spiromesifen</strong> hoặc <strong>Fenpyroximate</strong>.<br>- Phun kỹ mặt dưới lá.","https://res.cloudinary.com/dzstqe0re/image/upload/v1764685371/aug_0_image24_fz0utr.jpg,https://res.cloudinary.com/dzstqe0re/image/upload/v1764685367/aug_0_image57_oeimwt.jpg,https://content.peat-cloud.com/w400/sugarcane-leaf-mite-sugarcane-1569048851.jpg",Mía
"Bệnh đốm xám Ngô",Corn_Gray_Leaf_Spot,Bệnh nấm,"<div><h2>Tổng quan bệnh hại</h2><p>Bệnh đốm xám (Gray Leaf Spot - GLS) là bệnh hại lá nguy hiểm hàng đầu trên ngô tại các vùng khí hậu ôn hòa, ẩm ướt.</p><h3>Tác nhân gây bệnh</h3><ul><li><strong>Nấm:</strong> <em>Cercospora zeae-maydis</em>.</li></ul><h3>Triệu chứng đặc trưng</h3><ul><li><strong>Hình dáng:</strong> Vết bệnh hình chữ nhật dài, hẹp, chạy song song với gân lá (do bị gân lá giới hạn).</li><li><strong>Màu sắc:</strong> Lúc đầu màu nâu nhạt, sau chuyển sang xám hoặc xám nâu.</li><li><strong>Đặc điểm:</strong> Khi soi ngược ánh sáng, vết bệnh có màu vàng sáng. Bệnh nặng làm toàn bộ lá khô cháy giống như bị sương muối.</li></ul></div>","1. Biện pháp canh tác:<br>- Sử dụng giống kháng bệnh (cách tốt nhất).<br>- Luân canh cây trồng ít nhất 1-2 năm (vì nấm tồn tại trong tàn dư cây ngô rất lâu).<br>- Cày vùi sâu tàn dư sau thu hoạch.<br><br>2. Biện pháp hóa học:<br>- Phun phòng vào giai đoạn xoáy nõn đến trổ cờ nếu áp lực bệnh cao.<br>- Hoạt chất: <strong>Azoxystrobin</strong>, <strong>Pyraclostrobin</strong>, <strong>Picoxystrobin</strong> hoặc <strong>Propiconazole</strong>.<br>- Thuốc phối trộn (Amistar Top, Nativo) thường hiệu quả cao hơn.","https://upload.wikimedia.org/wikipedia/commons/1/12/Gray_leaf_spot_Cercospora_zeae-maydis_5465607.png,https://extension.umn.edu/sites/extension.umn.edu/files/grayleafspot_600px.jpg,https://eu-images.contentstack.com/v3/assets/bltdd43779342bd9107/blt5707362315b4767a/64a5894732c9f88785c21390/0710T1-3449-1800x1012.jpg",Ngô
"Bệnh thối đen Nho (Black Rot)",Grape_Black_Rot,Bệnh nấm,"<div><h2>Tổng quan bệnh hại</h2><p>Bệnh thối đen là bệnh phổ biến và phá hủy chùm nho nhanh chóng nếu không phòng trừ, đặc biệt ở vùng nóng ẩm.</p><h3>Tác nhân gây bệnh</h3><ul><li><strong>Nấm:</strong> <em>Guignardia bidwellii</em>.</li></ul><h3>Triệu chứng điển hình</h3><ul><li><strong>Trên lá:</strong> Các đốm tròn nhỏ màu nâu đỏ, viền nâu sẫm. Bên trong vết bệnh có các chấm đen nhỏ li ti (quả thể nấm).</li><li><strong>Trên quả:</strong> Ban đầu là đốm tròn nhạt màu, sau đó quả bị thối, teo tóp lại, khô cứng và chuyển thành màu đen (như xác ướp - mummy). Quả bệnh thường dính chặt trên chùm không rụng.</li></ul></div>","1. Biện pháp vệ sinh (Quan trọng):<br>- Thu gom và tiêu hủy toàn bộ quả khô (xác ướp) còn sót lại trên giàn từ vụ trước (nguồn bệnh chính).<br><br>2. Biện pháp hóa học:<br>- Phun phòng từ khi nụ hoa mới nhú đến khi quả bắt đầu đổi màu.<br>- Hoạt chất: <strong>Mancozeb</strong>, <strong>Ziram</strong> (phòng ngừa), <strong>Myclobutanil</strong>, <strong>Tebuconazole</strong>, <strong>Difenoconazole</strong> (đặc trị).<br>- Phun kỹ vào giai đoạn sau khi hoa nở.","https://res.cloudinary.com/dzstqe0re/image/upload/v1764685654/630cea2f-1457-4f55-b9cf-ca3a5362fd63___FAM_B.Rot_3075_flipLR_enixgh.jpg,https://res.cloudinary.com/dzstqe0re/image/upload/v1764685650/671c5fce-9cae-430f-b798-d7ff4a859773___FAM_B.Rot_3125_flipLR_gpxhsi.jpg,https://res.cloudinary.com/dzstqe0re/image/upload/v1764685647/636b8472-ce10-4889-a68f-c71d407768e6___FAM_B.Rot_3573_flipLR_kqgrqy.jpg",Nho
"Bệnh đạo ôn Lúa (Cháy lá)",Rice_Leaf_Blast,Bệnh nấm,"<div><h2>Tổng quan bệnh hại</h2><p>Bệnh đạo ôn (Blast) là bệnh nguy hiểm nhất trên lúa, có thể gây mất trắng nếu bị đạo ôn cổ bông. Đạo ôn lá làm cây lụi tàn, giảm quang hợp.</p><h3>Tác nhân gây bệnh</h3><ul><li><strong>Nấm:</strong> <em>Magnaporthe oryzae</em> (tên cũ <em>Pyricularia oryzae</em>).</li></ul><h3>Triệu chứng đặc trưng</h3><ul><li><strong>Vết bệnh:</strong> Hình thoi (như con mắt), nhọn ở hai đầu.</li><li><strong>Cấu trúc:</strong> Tâm vết bệnh màu xám trắng (nơi nấm sản sinh bào tử), viền xung quanh màu nâu đỏ, ngoài cùng có quầng vàng.</li><li><strong>Liên kết:</strong> Các vết bệnh liên kết nhau làm lá bị cháy khô (cháy đạo ôn).</li></ul></div>","1. Biện pháp canh tác:<br>- Bón phân cân đối, tuyệt đối <strong>không bón thừa Đạm</strong> khi có bệnh.<br>- Giữ mực nước ruộng ổn định, không để ruộng khô hạn.<br>- Sử dụng giống kháng đạo ôn.<br><br>2. Biện pháp hóa học (Đặc trị):<br>- Phun ngay khi vết bệnh chấm kim xuất hiện.<br>- Hoạt chất: <strong>Tricyclazole</strong> (Beam), <strong>Isoprothiolane</strong> (Fuji-one), <strong>Fenoxanil</strong>, <strong>Kasugamycin</strong>.<br>- Lưu ý: Nếu bệnh nặng, cần cắt nước, không bón đạm, phun thuốc 2 lần cách nhau 5-7 ngày.","https://res.cloudinary.com/dzstqe0re/image/upload/v1764685846/aug_0_leaf_blast_49_p2ksa2.jpg,https://res.cloudinary.com/dzstqe0re/image/upload/v1764685843/aug_0_leaf_blast_82_eorlb4.jpg,https://res.cloudinary.com/dzstqe0re/image/upload/v1764685841/screenshot_1764685750_asxfgf.png",Lúa
"Bệnh virus khảm Cà chua",Tomato_Mosaic_Virus,Bệnh virus,"<div><h2>Tổng quan bệnh hại</h2><p>Bệnh khảm (Tomato Mosaic Virus - ToMV) rất dễ lây lan qua cơ giới, hạt giống và tay người làm vườn, gây giảm năng suất và chất lượng quả.</p><h3>Tác nhân gây bệnh</h3><ul><li><strong>Virus:</strong> <em>Tomato mosaic virus</em> (ToMV) hoặc <em>Tobacco mosaic virus</em> (TMV).</li></ul><h3>Triệu chứng điển hình</h3><ul><li><strong>Trên lá:</strong> Lá có các mảng màu xanh đậm xen kẽ xanh nhạt hoặc vàng (khảm). Lá thường bị biến dạng, nhỏ, nhăn nheo giống lá dương xỉ.</li><li><strong>Trên cây:</strong> Cây còi cọc, lùn.</li><li><strong>Trên quả:</strong> Quả chín không đều, có các vết thâm bên trong ruột (biến màu nội nhũ), vỏ quả có thể có đốm vàng.</li></ul></div>","1. Xử lý (Không có thuốc chữa):<br>- Nhổ bỏ và tiêu hủy cây bệnh (đốt hoặc chôn sâu).<br>- Rửa tay và dụng cụ bằng xà phòng hoặc nước Javel sau khi tiếp xúc cây bệnh.<br><br>2. Biện pháp phòng ngừa:<br>- Sử dụng hạt giống sạch bệnh hoặc giống kháng (có gien Tm-2^2).<br>- Hạn chế hút thuốc lá khi làm vườn (virus TMV có trong thuốc lá khô).<br>- Kiểm soát rệp và bọ phấn (dù virus này lây chủ yếu qua tiếp xúc cơ giới).","https://res.cloudinary.com/dzstqe0re/image/upload/v1764686021/0f47e5f6-7271-45c8-8364-e962dedd83c9___PSU_CG_2148_ttucay.jpg,https://res.cloudinary.com/dzstqe0re/image/upload/v1764685986/0fcf9c2a-5c8c-4f37-aa43-6fd41d5e5442___PSU_CG_2055_90deg_su2elj.jpg,https://res.cloudinary.com/dzstqe0re/image/upload/v1764685982/1f675039-385d-4438-b157-db0c95673580___PSU_CG_2100_90deg_ct0o46.jpg",Cà chua
"Bệnh mốc sương Cà chua",Tomato_Late_Blight,Bệnh nấm,"<div><h2>Tổng quan bệnh hại</h2><p>Bệnh mốc sương (Late Blight) là bệnh tàn phá khủng khiếp nhất trên họ Cà (từng gây ra nạn đói khoai tây ở Ireland). Bệnh lây lan cực nhanh trong thời tiết mát và ẩm.</p><h3>Tác nhân gây bệnh</h3><ul><li><strong>Nấm:</strong> <em>Phytophthora infestans</em>.</li></ul><h3>Triệu chứng đặc trưng</h3><ul><li><strong>Trên lá:</strong> Vết bệnh ban đầu là các đốm úng nước màu xanh tái, sau chuyển nâu đen, lan rộng rất nhanh. Mặt dưới lá có lớp mốc trắng (bào tử nấm) bao quanh vết bệnh.</li><li><strong>Trên thân:</strong> Vết thối đen chạy dài, làm gục ngọn.</li><li><strong>Trên quả:</strong> Vết bệnh màu nâu sẫm, cứng, bề mặt gồ ghề, ăn sâu vào thịt quả gây thối.</li></ul></div>","1. Biện pháp canh tác:<br>- Ngắt bỏ lá già sát gốc, tỉa cành thông thoáng.<br>- Không tưới nước vào buổi chiều tối.<br><br>2. Biện pháp hóa học (Phòng trị quyết liệt):<br>- Phun phòng trước các đợt mưa phùn gió bấc.<br>- Thuốc nội hấp: <strong>Metalaxyl</strong>, <strong>Cymoxanil</strong>, <strong>Dimethomorph</strong>, <strong>Propamocarb</strong>.<br>- Thuốc tiếp xúc: <strong>Mancozeb</strong>, <strong>Chlorothalonil</strong>, <strong>Copper</strong>.<br>- Công thức phổ biến: Ridomil Gold, Infinito.","https://res.cloudinary.com/dzstqe0re/image/upload/v1764686151/0dc24e61-c636-49e4-9a3d-3aa9a0efb429___GHLB2ES_Leaf_69_flipLR_mtukf4.jpg,https://res.cloudinary.com/dzstqe0re/image/upload/v1764686146/0e669afb-1315-4903-b7ca-1a0ffa95d454___RS_Late.B_5626_ohif0h.jpg,https://res.cloudinary.com/dzstqe0re/image/upload/v1764686142/0f67214c-eede-4292-b731-30ef1c47b7b6___RS_Late.B_4902_u3chph.jpg",Cà chua
"Bệnh xoăn vàng lá Cà chua (TYLCV)",Tomato_Yellow_Leaf_Curl_Virus,Bệnh virus,"<div><h2>Tổng quan bệnh hại</h2><p>Bệnh xoăn vàng lá (Tomato Yellow Leaf Curl Virus - TYLCV) là nỗi ám ảnh của người trồng cà chua, bệnh lan truyền rất nhanh và làm cây gần như không ra quả.</p><h3>Tác nhân & Lây truyền</h3><ul><li><strong>Virus:</strong> <em>Begomovirus</em> (Họ Geminiviridae).</li><li><strong>Vector:</strong> Bọ phấn trắng (<em>Bemisia tabaci</em>) là môi giới duy nhất truyền bệnh.</li></ul><h3>Triệu chứng điển hình</h3><ul><li><strong>Trên lá:</strong> Lá ngọn xoăn tít lại, kích thước nhỏ, màu xanh vàng hoặc vàng loang lổ. Mép lá cong lên trên hình lòng thuyền.</li><li><strong>Trên cây:</strong> Cây bị lùn (còi cọc), các lóng thân ngắn lại, mọc thành bụi rậm rạp.</li><li><strong>Trên hoa/quả:</strong> Hoa rụng hàng loạt, tỷ lệ đậu quả cực thấp. Nếu có quả thì quả nhỏ, cứng và nhạt màu.</li></ul></div>","1. Biện pháp canh tác:<br>- Nhổ bỏ và tiêu hủy cây bệnh ngay khi phát hiện.<br>- Che phủ luống bằng màng nilon phản quang để xua đuổi bọ phấn.<br><br>2. Biện pháp hóa học (Trừ bọ phấn):<br>- Bọ phấn rất mau kháng thuốc, cần luân phiên hoạt chất.<br>- Hoạt chất đặc trị: <strong>Dinotefuran</strong>, <strong>Pymetrozine</strong>, <strong>Spirotetramat</strong>, <strong>Acetamiprid</strong> hoặc <strong>Imidacloprid</strong>.<br>- Phun mặt dưới lá vào sáng sớm hoặc chiều mát.","https://content.peat-cloud.com/thumbnails/tomato-yellow-leaf-curl-virus-tomato-1575981863.jpg,https://plantwiseplusknowledgebank.org/cms/10.1079/pwkb.20247800059/asset/b308b709-4b09-4b12-95a6-2d434f566363/assets/graphic/tomato-yellow-leaf-curl-virus-ghana-2.jpg,https://plantwiseplusknowledgebank.org/cms/asset/091b135d-684e-403e-b872-ecde5b3ce971/12b929ed-131c-4aa7-822c-f0ca69654caa.png",Cà chua
"Bệnh mốc lá Cà chua",Tomato_Leaf_Mold,Bệnh nấm,"<div><h2>Tổng quan bệnh hại</h2><p>Bệnh mốc lá (Leaf Mold) thường xuất hiện trong điều kiện độ ẩm cao (nhà màng, nhà kính) làm bộ lá rụng sớm, giảm năng suất.</p><h3>Tác nhân gây bệnh</h3><ul><li><strong>Nấm:</strong> <em>Passalora fulva</em> (tên cũ <em>Fulvia fulva</em> hoặc <em>Cladosporium fulvum</em>).</li></ul><h3>Triệu chứng đặc trưng</h3><ul><li><strong>Mặt trên lá:</strong> Xuất hiện các đốm màu vàng nhạt, ranh giới không rõ ràng.</li><li><strong>Mặt dưới lá:</strong> Ngay bên dưới vết vàng là lớp nấm mốc màu nâu nhung hoặc xanh ô liu bao phủ (bào tử nấm).</li><li><strong>Tiến triển:</strong> Lá già bị trước, sau đó lan lên lá non. Lá bệnh bị xoăn, khô héo và rụng nhưng thường không rụng cuống.</li></ul></div>","1. Biện pháp canh tác:<br>- Giảm độ ẩm trong nhà màng, tăng cường thông gió.<br>- Tưới nhỏ giọt thay vì tưới phun mưa.<br><br>2. Biện pháp hóa học:<br>- Phun khi bệnh mới chớm.<br>- Hoạt chất: <strong>Chlorothalonil</strong>, <strong>Mancozeb</strong>, <strong>Difenoconazole</strong>, <strong>Copper Hydroxide</strong> hoặc <strong>Cymoxanil</strong>.<br>- Luân phiên các nhóm thuốc để tránh kháng nấm.","https://res.cloudinary.com/dzstqe0re/image/upload/v1764686425/755296b4-fa21-4ec5-b912-bd85b2897a01___Crnl_L.Mold_8630_fwkcys.jpg,https://res.cloudinary.com/dzstqe0re/image/upload/v1764686421/4459390d-64ca-42d2-977b-afb0ed667701___Crnl_L.Mold_6714_xnvjdu.jpg,https://res.cloudinary.com/dzstqe0re/image/upload/v1764686411/4914514e-fd44-4e2b-becd-5daf581c78e6___Crnl_L.Mold_9019_kmyhyh.jpg",Cà chua
"Bệnh đốm vi khuẩn Đu đủ",Papaya_Bacterial_Spot,Bệnh vi khuẩn,"<div><h2>Tổng quan bệnh hại</h2><p>Bệnh đốm vi khuẩn gây hại chủ yếu trên lá và cuống non, làm cây sinh trưởng kém trong mùa mưa.</p><h3>Tác nhân gây bệnh</h3><ul><li><strong>Vi khuẩn:</strong> <em>Erwinia papayae</em> hoặc <em>Pseudomonas carica-papayae</em>.</li></ul><h3>Triệu chứng nhận diện</h3><ul><li><strong>Trên lá:</strong> Các đốm nhỏ sũng nước, góc cạnh (do gân lá giới hạn), sau chuyển màu nâu đen. Xung quanh vết bệnh thường có quầng vàng.</li><li><strong>Trên cuống/thân non:</strong> Vết bệnh là các vệt sũng nước chạy dọc, thối đen, có thể làm gãy cuống lá.</li><li><strong>Trên ngọn:</strong> Nếu nặng vi khuẩn tấn công đỉnh sinh trưởng làm thối ngọn.</li></ul></div>","1. Biện pháp canh tác:<br>- Cắt bỏ lá bệnh và tiêu hủy.<br>- Tránh làm tổn thương cây khi chăm sóc.<br><br>2. Biện pháp hóa học:<br>- Phun phòng trước và sau mưa.<br>- Sử dụng thuốc gốc Đồng: <strong>Copper Oxychloride</strong>, <strong>Copper Hydroxide</strong> (Champion, Kocide).<br>- Kết hợp kháng sinh: <strong>Kasugamycin</strong> hoặc <strong>Streptomycin</strong>.<br>- Lưu ý: Không phun nồng độ quá cao gây cháy lá đu đủ.",https://example.com/papaya_bacterial.jpg,Đu đủ
"Bệnh ghẻ Táo (Vảy nến)",Apple_Scab,Bệnh nấm,"<div><h2>Tổng quan bệnh hại</h2><p>Bệnh ghẻ (Apple Scab) là bệnh quan trọng nhất trên táo tây, làm quả bị méo mó, nứt nẻ, giảm giá trị thương phẩm.</p><h3>Tác nhân gây bệnh</h3><ul><li><strong>Nấm:</strong> <em>Venturia inaequalis</em>.</li></ul><h3>Triệu chứng điển hình</h3><ul><li><strong>Trên lá:</strong> Các đốm tròn màu xanh ô liu hoặc xám đen, bề mặt như nhung (lớp nấm). Lá bị nặng sẽ vàng và rụng sớm.</li><li><strong>Trên quả:</strong> Vết bệnh là các đốm đen, chai sần (hóa bần), nứt nẻ. Quả non bị bệnh sẽ bị méo mó, dị dạng. Vết bệnh trông như vảy nến.</li></ul></div>","1. Biện pháp canh tác:<br>- Quét sạch lá rụng vào mùa đông đem đốt (nguồn bệnh trú đông quan trọng nhất).<br>- Cắt tỉa cành để tán cây thông thoáng.<br><br>2. Biện pháp hóa học:<br>- Phun phòng từ khi nụ hoa mới nứt (Green tip).<br>- Hoạt chất: <strong>Difenoconazole</strong>, <strong>Myclobutanil</strong>, <strong>Captan</strong>, <strong>Mancozeb</strong> hoặc <strong>Dodine</strong>.<br>- Phun định kỳ 7-10 ngày/lần trong mùa mưa ẩm.","https://res.cloudinary.com/dzstqe0re/image/upload/v1764686551/1547f817-6a4d-4cbc-8ce0-7dff293562ee___FREC_Scab_3194_xrvvq8.jpg,https://res.cloudinary.com/dzstqe0re/image/upload/v1764686546/1962d1ec-fb66-4583-b631-81cd23ecf063___FREC_Scab_3238_270deg_ww6e0l.jpg,https://res.cloudinary.com/dzstqe0re/image/upload/v1764686541/5990ed9f-ffe8-4622-bd26-e536ea5e1109___FREC_Scab_3042_90deg_tcuifg.jpg",Táo
"Cây khoai tây khỏe mạnh",Potato_Healthy,Cây khỏe,"<div><h2>Mô tả trạng thái cây</h2><p>Khoai tây khỏe mạnh có bộ lá xanh tốt, thân mập, đảm bảo tích lũy tinh bột tối đa cho củ.</p><h3>Đặc điểm hình thái</h3><ul><li><strong>Lá:</strong> Lá kép lông chim, màu xanh đậm (tùy giống), bề mặt lá hơi nhăn tự nhiên nhưng không bị xoăn tít hay khảm màu.</li><li><strong>Thân:</strong> Thân mọng nước, có lông tơ mịn, tiết diện thân hình lăng trụ (gần vuông).</li><li><strong>Củ:</strong> Vỏ củ nhẵn, mắt củ nông, không bị ghẻ lồi, ghẻ lõm hay thối ướt.</li></ul></div>","Duy trì canh tác:<br>1. Vun xới: Vun gốc 2 lần để che phủ củ non, tránh ánh sáng làm xanh vỏ củ (tích tụ độc tố Solanine).<br>2. Tưới nước: Giữ ẩm đều, không tưới quá đẫm gây thối củ.<br>3. Phòng bệnh: Phun phòng mốc sương định kỳ bằng Mancozeb.","https://www.garden.eco/wp-content/uploads/2018/06/can-you-eat-potato-leaves.jpg,https://img.freepik.com/premium-photo/fresh-green-leaf-potato-plant-isolated_696657-22650.jpg,https://thumb.photo-ac.com/f6/f6b9c5972311aeba037a7d13e629683c_t.jpeg",Khoai tây
"Bệnh chấm xám Chè (Thối nâu)",Tea_Gray_Blight,Bệnh nấm,"<div><h2>Tổng quan bệnh hại</h2><p>Bệnh chấm xám (Gray Blight) tương tự bệnh thối nâu, thường xuất hiện trên lá già và cành non, làm cây sinh trưởng kém.</p><h3>Tác nhân gây bệnh</h3><ul><li><strong>Nấm:</strong> <em>Pestalotiopsis</em> spp. (hoặc <em>Pestalotia theae</em>).</li></ul><h3>Triệu chứng nhận diện</h3><ul><li><strong>Vết bệnh:</strong> Hình tròn hoặc bất định, màu xám trắng hoặc xám tro.</li><li><strong>Đặc điểm:</strong> Trên vết bệnh có các chấm đen li ti (quả thể nấm) xếp thành vòng đồng tâm rõ rệt hơn bệnh thối nâu.</li><li><strong>Ranh giới:</strong> Có đường viền màu nâu đậm ngăn cách vết bệnh với mô khỏe.</li></ul></div>","1. Biện pháp canh tác:<br>- Hái chè thường xuyên để loại bỏ lá già nhiễm bệnh.<br>- Bón cân đối NPK, tránh bón thừa đạm đơn độc.<br><br>2. Biện pháp hóa học:<br>- Phun khi bệnh chớm xuất hiện.<br>- Hoạt chất: <strong>Thiophanate-methyl</strong>, <strong>Carbendazim</strong>, <strong>Chlorothalonil</strong> hoặc <strong>Hexaconazole</strong>.<br>- Phun sau khi hái (đảm bảo thời gian cách ly 7-14 ngày).","https://res.cloudinary.com/dzstqe0re/image/upload/v1764686741/20211226_000725_vpntvb.jpg,https://res.cloudinary.com/dzstqe0re/image/upload/v1764686736/20211228_134703_fcbgss.jpg,https://res.cloudinary.com/dzstqe0re/image/upload/v1764686732/20211228_140435_r7frum.jpg",Chè
"Bệnh đốm tảo Chè",Tea_Algal_Spot,Bệnh tảo,"<div><h2>Tổng quan bệnh hại</h2><p>Bệnh đốm tảo (Algal Leaf Spot) do tảo ký sinh gây ra, thường bị nhầm lẫn với nấm bệnh. Bệnh phổ biến ở vườn chè già, rậm rạp.</p><h3>Tác nhân gây bệnh</h3><ul><li><strong>Tảo:</strong> <em>Cephaleuros virescens</em>.</li></ul><h3>Triệu chứng đặc trưng</h3><ul><li><strong>Mặt trên lá:</strong> Các đốm tròn nổi gồ lên, màu xanh xám hoặc vàng cam.</li><li><strong>Bề mặt:</strong> Vết bệnh có lớp nhung mịn (lông tơ của tảo). Khi già vết bệnh chuyển màu trắng xám giống như địa y.</li><li><strong>Tác hại:</strong> Nếu tấn công cành non làm vỏ cành nứt nẻ, cành khô chết.</li></ul></div>","1. Biện pháp canh tác:<br>- Đốn tỉa cành già, tạo độ thông thoáng cho vườn chè.<br>- Bón phân Kali giúp cây cứng cáp, chống chịu tảo.<br><br>2. Biện pháp hóa học:<br>- Tảo rất mẫn cảm với Đồng.<br>- Phun các thuốc gốc Đồng: <strong>Copper Oxychloride</strong>, <strong>Bordeaux</strong>.<br>- Không được phun thuốc trừ nấm thông thường (như Carbendazim) vì không hiệu quả với tảo.","https://res.cloudinary.com/dzstqe0re/image/upload/v1764686846/20211226_102149_y7jtaq.jpg,https://res.cloudinary.com/dzstqe0re/image/upload/v1764686841/20211226_102226_y5rt08.jpg,https://res.cloudinary.com/dzstqe0re/image/upload/v1764686836/20211227_132208_hbunee.jpg",Chè
"Cây táo khỏe mạnh",Apple_Healthy,Cây khỏe,"<div><h2>Mô tả trạng thái cây</h2><p>Cây táo tây khỏe mạnh có bộ khung tán cân đối, lá và quả sạch bệnh.</p><h3>Đặc điểm hình thái</h3><ul><li><strong>Lá:</strong> Lá hình bầu dục, mép răng cưa, màu xanh thẫm, mặt dưới có lông tơ mịn. Lá không bị lỗ thủng hay đốm phấn trắng.</li><li><strong>Quả:</strong> Vỏ quả căng bóng, màu sắc đặc trưng của giống (đỏ hoặc xanh), không bị vết vảy nến hay vết sâu đục.</li><li><strong>Thân cành:</strong> Vỏ thân nhẵn hoặc nứt nhẹ tự nhiên, không bị loét hay chảy nhựa.</li></ul></div>","Duy trì canh tác:<br>1. Cắt tỉa: Tỉa cành vượt, cành tăm vào mùa đông.<br>2. Dinh dưỡng: Bón phân hữu cơ hoai mục và NPK tổng hợp.<br>3. Phòng trừ: Phun dầu khoáng mùa đông để diệt trứng sâu và bào tử nấm trú đông.","https://img.freepik.com/premium-photo/green-apple-leaf-isolated-white-background-one-fresh-young-leaf_92795-1585.jpg,https://img.freepik.com/premium-photo/one-leaf-apple-clipping-path-apple-leaves-isolated-white-background_299651-606.jpg,https://www.researchgate.net/publication/378036599/figure/fig1/AS:11431281222581681@1707351651508/Nine-types-of-apple-leaf-disease-a-Health-b-Alternaria-leaf-spot-c-Brown-spot.jpg",Táo
"Cây nho khỏe mạnh",Grape_Healthy,Cây khỏe,"<div><h2>Mô tả trạng thái cây</h2><p>Cây nho khỏe mạnh có bộ rễ mạnh, dây leo cứng cáp và bộ lá quang hợp tốt.</p><h3>Đặc điểm hình thái</h3><ul><li><strong>Lá:</strong> Phiến lá to, xẻ thùy (3-5 thùy), màu xanh mướt. Gân lá nổi rõ nhưng không sưng đỏ.</li><li><strong>Dây (Thân):</strong> Lớp vỏ già bong tróc tự nhiên (đặc điểm sinh lý), gỗ bên trong cứng chắc, không bị đen lõi.</li><li><strong>Chùm quả:</strong> Cuống chùm dẻo dai, quả phát triển đều, vỏ quả có lớp phấn tự nhiên bảo vệ.</li></ul></div>","Duy trì canh tác:<br>1. Tỉa cành: Kỹ thuật quan trọng nhất (tỉa cành cấp 1, cấp 2) để điều khiển ra hoa.<br>2. Dinh dưỡng: Nho cần nhiều Kali và Canxi. Bón phân qua lá để tăng chất lượng quả.<br>3. Quản lý nước: Không để úng rễ, giảm nước khi quả bắt đầu chín ngọt.","https://www.superfoodevolution.com/images/wild-grape-leaf-Vitis-californica.jpg,https://upload.wikimedia.org/wikipedia/commons/4/4b/Close-up_of_healthy_grapevine_leaves.JPG,https://www.superfoodevolution.com/images/wild-grape-leaf-species.jpg",Nho
"Bệnh virus khảm lá bắc Chuối (BBMV)",Banana_Bract_Mosaic_Virus,Bệnh virus,"<div><h2>Tổng quan bệnh hại</h2><p>Bệnh khảm lá bắc (Banana Bract Mosaic Virus - BBrMV) là bệnh virus mới nổi, nguy hiểm không kém bệnh chùn ngọn (Bunchy Top).</p><h3>Tác nhân & Lây truyền</h3><ul><li><strong>Virus:</strong> <em>Banana bract mosaic virus</em> (BBrMV).</li><li><strong>Vector:</strong> Truyền qua rệp (Aphids) và cây giống nhiễm bệnh.</li></ul><h3>Triệu chứng đặc trưng</h3><ul><li><strong>Trên lá bắc (Bracts):</strong> Đây là triệu chứng điển hình nhất. Trên các lá bắc màu đỏ tím của bắp chuối xuất hiện các vệt sọc màu vàng hoặc xanh nhạt (khảm).</li><li><strong>Trên thân giả:</strong> Các vệt sọc màu nâu đỏ hoặc đen chạy dọc thân.</li><li><strong>Trên quả:</strong> Quả cũng có thể có các vệt sọc, méo mó.</li></ul></div>","1. Xử lý triệt để:<br>- Đào bỏ và tiêu hủy ngay bụi chuối nhiễm bệnh.<br>- Sát trùng dụng cụ sau khi xử lý cây bệnh.<br><br>2. Biện pháp phòng ngừa:<br>- Sử dụng cây giống nuôi cấy mô sạch bệnh.<br>- Quản lý rệp môi giới truyền bệnh bằng thuốc trừ sâu: <strong>Imidacloprid</strong>, <strong>Thiamethoxam</strong>.<br>- Không trồng cây chuối lấy từ vùng dịch.","https://res.cloudinary.com/dzstqe0re/image/upload/v1764687162/aug_0_Augmented_Banana_Bract_Mosaic_Virus_Disease_295_a4v8ln.jpg,https://res.cloudinary.com/dzstqe0re/image/upload/v1764687151/aug_0_Augmented_Banana_Bract_Mosaic_Virus_Disease_305_zfffql.jpg,https://res.cloudinary.com/dzstqe0re/image/upload/v1764687136/aug_0_Augmented_Banana_Bract_Mosaic_Virus_Disease_330_hmewyy.jpg",Chuối
"Bệnh bạc lá lúa (Cháy bìa lá)",Rice_Bacterial_Leaf_Blight,Bệnh vi khuẩn,"<div><h2>Tổng quan bệnh hại</h2><p>Bệnh bạc lá lúa do vi khuẩn <em>Xanthomonas</em> gây ra, là một trong những bệnh nghiêm trọng nhất ở lúa, đặc biệt trong mùa mưa bão. Bệnh làm lúa bị lép hạt, giảm năng suất nghiêm trọng.</p><h3>Tác nhân gây bệnh</h3><ul><li><strong>Vi khuẩn:</strong> <em>Xanthomonas oryzae</em> pv. <em>oryzae</em>.</li></ul><h3>Triệu chứng điển hình</h3><ul><li><strong>Vết bệnh:</strong> Bắt đầu từ chóp lá hoặc mép lá lan dần vào trong và xuống dưới.</li><li><strong>Màu sắc:</strong> Vết bệnh có màu xanh tái (úng nước), sau chuyển sang vàng và cuối cùng là trắng xám (bạc lá).</li><li><strong>Ranh giới:</strong> Giữa phần bệnh và phần khỏe có đường viền gợn sóng màu vàng.</li><li><strong>Dấu hiệu đặc trưng:</strong> Vào sáng sớm, trên vết bệnh có các giọt dịch vi khuẩn màu vàng đục (giọt keo vi khuẩn).</li></ul></div>","1. Biện pháp canh tác (Quan trọng nhất):<br>- Sử dụng giống lúa kháng bạc lá.<br>- Bón phân cân đối, tuyệt đối <strong>không bón thừa Đạm</strong> và không bón Đạm lai rai khi cây đang bị bệnh.<br>- Giữ mực nước trong ruộng vừa phải, tránh để ruộng khô nứt nẻ làm đứt rễ.<br><br>2. Biện pháp hóa học:<br>- Phun khi bệnh chớm xuất hiện.<br>- Thuốc đặc trị vi khuẩn: <strong>Bismerthiazol</strong> (Sasa), <strong>Kasugamycin</strong> (Kasumin), <strong>Bronopol</strong> (Totan), <strong>Streptomycin</strong>.<br>- Phun nhắc lại lần 2 sau 5-7 ngày nếu bệnh nặng.","https://www.researchgate.net/profile/Mohammad-Malek-Faizal-Azizi/publication/359220404/figure/fig1/AS:1141720959975425@1649218897482/Symptoms-of-bacterial-leaf-blight-disease-in-rice-caused-by-Xanthomonas-oryzae-pv.png,https://content.peat-cloud.com/thumbnails/bacterial-blight-of-rice-rice-1581498605.jpg,https://www.plantdiseases.org/sites/default/files/plant_disease/images/0829.jpg",Lúa
"Cây lúa khỏe mạnh",Rice_Healthy,Cây khỏe,"<div><h2>Mô tả trạng thái cây</h2><p>Cây lúa khỏe mạnh là tiền đề cho năng suất cao, khả năng chống chịu sâu bệnh tốt.</p><h3>Đặc điểm hình thái</h3><ul><li><strong>Lá:</strong> Lá lúa đứng (thẳng), cứng cáp, màu xanh bền (không quá đậm do thừa đạm), không có vết bệnh đạo ôn hay bạc lá.</li><li><strong>Thân (Rạ):</strong> Thân mập, lóng ngắn, cứng cây, khả năng chống đổ ngã tốt.</li><li><strong>Rễ:</strong> Bộ rễ ăn sâu, màu trắng ngà hoặc nâu vàng, không bị đen thối.</li><li><strong>Bông:</strong> Bông to, hạt mẩy, vỏ trấu sáng màu.</li></ul></div>","Duy trì canh tác:<br>1. Dinh dưỡng: Bón lót sâu, bón thúc sớm. Áp dụng bảng so màu lá lúa (LCC) để bón đạm vừa đủ.<br>2. Quản lý nước: Kỹ thuật ""Nông - Lộ - Phơi"" xen kẽ để rễ lúa ăn sâu.<br>3. Phòng trừ: Thăm đồng thường xuyên, áp dụng IPM.","https://res.cloudinary.com/dzstqe0re/image/upload/v1764687437/aug_0_healthy_32_nyiv15.jpg,https://res.cloudinary.com/dzstqe0re/image/upload/v1764687416/aug_0_healthy_63_nrlb0n.jpg,https://res.cloudinary.com/dzstqe0re/image/upload/v1764687410/aug_0_healthy_83_joz3ei.jpg",Lúa
"Bệnh đốm nâu Lúa (Tiêm lửa)",Rice_Brown_Spot,Bệnh nấm,"<div><h2>Tổng quan bệnh hại</h2><p>Bệnh đốm nâu (Brown Spot) hay còn gọi là bệnh Tiêm lửa, thường xuất hiện ở những ruộng lúa thiếu dinh dưỡng, đất phèn hoặc nghèo hữu cơ.</p><h3>Tác nhân gây bệnh</h3><ul><li><strong>Nấm:</strong> <em>Bipolaris oryzae</em> (tên cũ <em>Helminthosporium oryzae</em>).</li></ul><h3>Triệu chứng nhận diện</h3><ul><li><strong>Vết bệnh:</strong> Các đốm nhỏ hình bầu dục hoặc hình tròn (như hạt vừng).</li><li><strong>Màu sắc:</strong> Màu nâu đỏ, nâu sẫm, rải rác khắp mặt lá.</li><li><strong>Tác hại:</strong> Nếu bị trên hạt (lem lép hạt) sẽ làm hạt bị lửng, vỏ trấu biến màu, gạo bị đục và gãy nát khi xay xát.</li></ul></div>","1. Cải tạo đất (Gốc rễ vấn đề):<br>- Bón vôi bột để khử chua, hạ phèn.<br>- Bón phân hữu cơ hoai mục, bổ sung Lân và Kali để tăng sức đề kháng.<br><br>2. Biện pháp hóa học:<br>- Xử lý hạt giống trước khi gieo.<br>- Phun thuốc khi lúa trổ lác đác và trổ đều.<br>- Hoạt chất: <strong>Propiconazole</strong>, <strong>Difenoconazole</strong>, <strong>Azoxystrobin</strong> hoặc <strong>Mancozeb</strong>.<br>- Sản phẩm: Tilt Super, Anvil, Amistar Top.","https://res.cloudinary.com/dzstqe0re/image/upload/v1764687587/5390490lgpt_lirfxj.jpg,https://res.cloudinary.com/dzstqe0re/image/upload/v1764687581/cochliobolus_ucekfc.jpg,https://res.cloudinary.com/dzstqe0re/image/upload/v1764687575/images_sc4dpi.jpg",Lúa
"Bệnh đốm vằn Lúa (Khô vằn)",Rice_Leaf_Scald,Bệnh nấm,"<div><h2>Đính chính tên bệnh</h2><p><em>Lưu ý: Class name ""Rice_Leaf_Scald"" thường dịch là ""Bệnh cháy bìa lá do nấm"" (Microdochium oryzae), khác với ""Bạc lá"" (do vi khuẩn) và khác với ""Khô vằn"" (Sheath Blight). Dưới đây mô tả bệnh <strong>Cháy bìa lá do nấm (Leaf Scald)</strong> cho đúng với thuật ngữ quốc tế.</em></p><h2>Tổng quan bệnh hại</h2><p>Bệnh cháy bìa lá do nấm (Leaf Scald) gây hại trên phiến lá, làm lá khô cháy từng mảng lớn.</p><h3>Tác nhân gây bệnh</h3><ul><li><strong>Nấm:</strong> <em>Microdochium oryzae</em> (hoặc <em>Gerlachia oryzae</em>).</li></ul><h3>Triệu chứng điển hình</h3><ul><li><strong>Vị trí:</strong> Bắt đầu từ chóp lá hoặc mép lá.</li><li><strong>Vết bệnh:</strong> Các vết loang lổ hình vân mây (zonate), xen kẽ các dải màu nâu đậm và nâu nhạt.</li><li><strong>Tiến triển:</strong> Vết bệnh lan rộng làm cháy khô cả chóp lá và mép lá, trông như bị nước sôi dội vào (scald).</li></ul></div>","1. Biện pháp canh tác:<br>- Không gieo cấy quá dày.<br>- Bón phân cân đối, tránh bón thừa Đạm giai đoạn cuối.<br><br>2. Biện pháp hóa học:<br>- Phun khi bệnh mới chớm.<br>- Hoạt chất: <strong>Thiophanate-methyl</strong>, <strong>Carbendazim</strong>, <strong>Benomyl</strong> hoặc <strong>Edifenphos</strong>.<br>- Phun ướt đều bộ lá đòng.","https://res.cloudinary.com/dzstqe0re/image/upload/v1764687725/aug_0_leaf_scald_59_ixkxp3.jpg,https://res.cloudinary.com/dzstqe0re/image/upload/v1764687719/aug_0_leaf_scald_66_ese0gl.jpg,https://res.cloudinary.com/dzstqe0re/image/upload/v1764687713/aug_0_leaf_scald_98_hj8loz.jpg",Lúa
"Bệnh đốm sọc hẹp trên Lúa",Rice_Narrow_Brown_Spot,Bệnh nấm,"<div><h2>Tổng quan bệnh hại</h2><p>Bệnh đốm sọc hẹp (Narrow Brown Leaf Spot) hay bệnh gạch nâu, thường xuất hiện vào giai đoạn lúa trổ chín, làm lá lúa già sớm.</p><h3>Tác nhân gây bệnh</h3><ul><li><strong>Nấm:</strong> <em>Cercospora janseana</em> (hoặc <em>Sphaerulina oryzina</em>).</li></ul><h3>Triệu chứng đặc trưng</h3><ul><li><strong>Vết bệnh:</strong> Các sọc ngắn, hẹp, màu nâu đỏ chạy dọc theo gân lá (kích thước khoảng 1-2mm chiều ngang, 3-5mm chiều dài).</li><li><strong>Hình dáng:</strong> Trông giống như các dấu gạch nối (-) màu nâu chi chít trên lá.</li><li><strong>Tác hại:</strong> Làm lá lúa nhanh tàn, giảm quang hợp nuôi hạt, gây hiện tượng ""lúa von"" nhẹ.</li></ul></div>","1. Biện pháp canh tác:<br>- Sử dụng giống kháng hoặc ngắn ngày.<br>- Bón đủ Kali giúp lá cứng, hạn chế nấm xâm nhập.<br><br>2. Biện pháp hóa học:<br>- Thường không cần phun thuốc riêng nếu đã phun phòng lem lép hạt.<br>- Hoạt chất hiệu quả: <strong>Propiconazole</strong>, <strong>Hexaconazole</strong>, <strong>Tebuconazole</strong>.<br>- Phun vào giai đoạn lúa trổ lẹt xẹt và trổ đều.","https://res.cloudinary.com/dzstqe0re/image/upload/v1764687843/aug_0_narrow_brown_4_kl6tob.jpg,https://res.cloudinary.com/dzstqe0re/image/upload/v1764687835/aug_0_narrow_brown_3_iu913f.jpg,https://res.cloudinary.com/dzstqe0re/image/upload/v1764687829/aug_0_narrow_brown_1_kwdncr.jpg",Lúa
"Bệnh đốm vòng Cà chua (Target Spot)",Tomato_Target_Spot,Bệnh nấm,"<div><h2>Tổng quan bệnh hại</h2><p>Bệnh đốm vòng (Target Spot) dễ nhầm với bệnh đốm vòng sớm (Early Blight), nhưng do nấm khác gây ra và có triệu chứng hơi khác biệt.</p><h3>Tác nhân gây bệnh</h3><ul><li><strong>Nấm:</strong> <em>Corynespora cassiicola</em>.</li></ul><h3>Triệu chứng phân biệt</h3><ul><li><strong>Vết bệnh:</strong> Ban đầu là các đốm nhỏ màu nâu, sau lớn dần thành hình tròn.</li><li><strong>Cấu trúc:</strong> Vết bệnh có các vòng tròn đồng tâm rõ rệt (như bia bắn - target board). Tâm vết bệnh thường có màu xám trắng và hay bị thủng lỗ.</li><li><strong>Vị trí:</strong> Tấn công cả lá, thân và quả. Trên quả, vết bệnh lõm xuống, màu nâu, làm quả bị thối.</li></ul></div>","1. Biện pháp canh tác:<br>- Tỉa bỏ các lá già gốc để vườn thông thoáng.<br>- Tiêu hủy tàn dư cây trồng sau thu hoạch.<br><br>2. Biện pháp hóa học:<br>- Phun phòng khi thời tiết ấm và ẩm.<br>- Hoạt chất đặc trị: <strong>Azoxystrobin</strong>, <strong>Pyraclostrobin</strong> (nhóm Strobilurin rất hiệu quả), <strong>Mancozeb</strong> hoặc <strong>Chlorothalonil</strong>.<br>- Lưu ý: Nấm này dễ kháng thuốc, cần luân phiên hoạt chất.","https://res.cloudinary.com/dzstqe0re/image/upload/v1764688168/2685b528-885d-4ee4-b525-2d4c10ec2d21___Com.G_TgS_FL_0045_vqg5qb.jpg,https://res.cloudinary.com/dzstqe0re/image/upload/v1764688162/2914d8c0-09ba-4a50-a075-738c4a63e288___Com.G_TgS_FL_8119_ubscae.jpg,https://res.cloudinary.com/dzstqe0re/image/upload/v1764688156/3015f64d-6fe8-4673-948a-9bdb854ce207___Com.G_TgS_FL_9972_klakdn.jpg",Cà chua
"Bệnh virus sọc lá Ngô",Corn_Streak_Virus,Bệnh virus,"<div><h2>Tổng quan bệnh hại</h2><p>Bệnh sọc lá (Maize Streak Virus - MSV) là bệnh virus phổ biến nhất trên ngô ở châu Phi và các vùng nhiệt đới, làm cây còi cọc và không ra bắp.</p><h3>Tác nhân & Lây truyền</h3><ul><li><strong>Virus:</strong> <em>Maize streak virus</em> (MSV).</li><li><strong>Vector:</strong> Do Rầy lá (Leafhoppers) thuộc chi <em>Cicadulina</em> truyền bệnh.</li></ul><h3>Triệu chứng điển hình</h3><ul><li><strong>Trên lá:</strong> Các vệt sọc màu vàng hoặc trắng chạy dọc theo gân lá từ gốc đến ngọn. Các sọc này hẹp, đứt quãng hoặc liền mạch.</li><li><strong>Trên cây:</strong> Cây bị nhiễm sớm sẽ lùn tịt, các lóng thân ngắn lại, lá mọc xòe ra như cái quạt.</li><li><strong>Bắp:</strong> Cây bệnh nặng thường không trổ cờ hoặc bắp bị dị dạng, hạt thưa.</li></ul></div>","1. Xử lý cây bệnh:<br>- Nhổ bỏ cây bị bệnh ngay khi thấy triệu chứng để tránh lây lan.<br><br>2. Quản lý côn trùng môi giới (Rầy lá):<br>- Vệ sinh cỏ dại quanh ruộng (nơi trú ẩn của rầy).<br>- Xử lý hạt giống bằng thuốc trừ sâu nội hấp (<strong>Imidacloprid</strong>, <strong>Thiamethoxam</strong>) trước khi gieo để bảo vệ cây con giai đoạn đầu.<br>- Phun thuốc trừ rầy khi mật độ cao: <strong>Cypermethrin</strong>, <strong>Deltamethrin</strong>.","https://res.cloudinary.com/dzstqe0re/image/upload/v1764688326/15maize_train_streak_virus_bzwiro.jpg,https://res.cloudinary.com/dzstqe0re/image/upload/v1764688320/111maize_train_streak_virus_rgjavp.jpg,https://res.cloudinary.com/dzstqe0re/image/upload/v1764688314/131maize_train_streak_virus_wtftip.jpg",Ngô
"Nhện đỏ hại Cà chua",Tomato_Spider_Mites,Côn trùng gây hại,"<div><h2>Tổng quan côn trùng</h2><p>Nhện đỏ (Spider Mites) hay Nhện hai chấm, là đối tượng gây hại nguy hiểm trong nhà màng hoặc mùa khô nóng.</p><h3>Tác nhân gây hại</h3><ul><li><strong>Tên khoa học:</strong> <em>Tetranychus urticae</em>.</li></ul><h3>Triệu chứng nhận diện</h3><ul><li><strong>Trên lá:</strong> Mặt trên lá xuất hiện các chấm trắng li ti (vết chích). Lá bị nặng chuyển sang màu vàng xám, khô giòn và rụng.</li><li><strong>Dấu hiệu:</strong> Mặt dưới lá và các chồi non có màng tơ mỏng bao phủ. Soi kính lúp thấy nhện và trứng chi chít.</li><li>Nhện làm cây suy yếu nhanh chóng, giảm năng suất quả.</li></ul></div>","1. Biện pháp sinh học:<br>- Sử dụng nhện bắt mồi (<em>Phytoseiulus persimilis</em>) để kiểm soát tự nhiên.<br>- Phun dầu khoáng hoặc chế phẩm sinh học từ nấm <em>Beauveria bassiana</em>.<br><br>2. Biện pháp hóa học:<br>- Nhện đỏ kháng thuốc cực mạnh.<br>- Sử dụng thuốc đặc trị nhện (Acaricides): <strong>Abamectin</strong>, <strong>Spiromesifen</strong>, <strong>Bifenazate</strong>, <strong>Fenpyroximate</strong>.<br>- Phun ướt đẫm mặt dưới lá và luân phiên thuốc liên tục.","https://res.cloudinary.com/dzstqe0re/image/upload/v1764688465/0fb21160-9113-4c5a-b1d4-7001b5253bb9___Com.G_SpM_FL_8790_180deg_bthkud.jpg,https://res.cloudinary.com/dzstqe0re/image/upload/v1764688458/00fa99e8-2605-4d72-be69-98277587d84b___Com.G_SpM_FL_1453_gjd2sx.jpg,https://res.cloudinary.com/dzstqe0re/image/upload/v1764688451/0fb21160-9113-4c5a-b1d4-7001b5253bb9___Com.G_SpM_FL_8790_nfox27.jpg",Cà chua
"Bệnh rỉ sắt Táo - Tùng",Apple_Cedar_Apple_Rust,Bệnh nấm,"<div><h2>Tổng quan bệnh hại</h2><p>Bệnh rỉ sắt (Cedar-Apple Rust) là bệnh điển hình của sự luân phiên ký chủ. Nấm cần cả cây Táo và cây Tùng (Cedar/Juniper) để hoàn thành vòng đời.</p><h3>Tác nhân gây bệnh</h3><ul><li><strong>Nấm:</strong> <em>Gymnosporangium juniperi-virginianae</em>.</li></ul><h3>Triệu chứng điển hình</h3><ul><li><strong>Trên lá Táo:</strong> Mặt trên có các đốm màu vàng cam rực rỡ, sau chuyển sang đỏ cam viền vàng. Mặt dưới lá xuất hiện các gai nhỏ (túi bào tử) nhô ra như râu.</li><li><strong>Trên quả:</strong> Các đốm màu cam tương tự trên lá, làm quả bị méo mó và rụng sớm.</li><li><strong>Trên cây Tùng:</strong> Tạo ra các khối u sưng (gall) màu nâu, khi mưa xuống nở ra thành các tua màu cam như thạch.</li></ul></div>","1. Biện pháp canh tác (Cắt đứt vòng đời):<br>- Loại bỏ các cây Tùng/Bách xù (Juniper) trong bán kính 200m quanh vườn táo (nếu có thể).<br>- Cắt bỏ các u sưng trên cây Tùng vào mùa đông.<br><br>2. Biện pháp hóa học:<br>- Phun thuốc cho táo vào mùa xuân (khi nụ hoa nở đến khi rụng cánh hoa).<br>- Hoạt chất: <strong>Myclobutanil</strong>, <strong>Tebuconazole</strong>, <strong>Difenoconazole</strong>, <strong>Mancozeb</strong> hoặc <strong>Trifloxystrobin</strong>.<br>- Phun định kỳ để bảo vệ lá non.","https://res.cloudinary.com/dzstqe0re/image/upload/v1764688634/402aad30-3914-4227-a9b4-4d40a49fae72___FREC_C.Rust_0230_90deg_jecuqr.jpg,https://res.cloudinary.com/dzstqe0re/image/upload/v1764688643/99efeabc-dafd-45ca-8111-91ec6aae3a7b___FREC_C.Rust_4089_270deg_qjxrun.jpg,https://res.cloudinary.com/dzstqe0re/image/upload/v1764688650/98db1965-ab83-41ac-bd9b-a029d42a236c___FREC_C.Rust_9878_90deg_qpj0wg.jpg",Táo
"Bệnh thối đen Táo (Black Rot)",Apple_Black_Rot,Bệnh nấm,"<div><h2>Tổng quan bệnh hại</h2><p>Bệnh thối đen (Black Rot) gây hại trên cả quả, lá và cành cây táo. Bệnh thường bị nhầm với bệnh ghẻ nhưng vết bệnh khác biệt.</p><h3>Tác nhân gây bệnh</h3><ul><li><strong>Nấm:</strong> <em>Botryosphaeria obtusa</em>.</li></ul><h3>Triệu chứng chi tiết</h3><ul><li><strong>Trên lá (Frog-eye leaf spot):</strong> Vết bệnh hình tròn, tâm màu xám trắng, viền màu tím nâu, trông giống ""mắt ếch"".</li><li><strong>Trên quả:</strong> Vết thối ban đầu nhỏ màu nâu, sau lan rộng ra toàn quả. Quả bị thối nhưng vẫn cứng (không mềm nhũn), sau đó khô đen và teo lại như xác ướp (mummy), treo lủng lẳng trên cây.</li><li><strong>Trên cành:</strong> Gây loét vỏ cây, vết loét lõm xuống màu nâu đỏ.</li></ul></div>","1. Biện pháp vệ sinh (Rất quan trọng):<br>- Thu gom và tiêu hủy toàn bộ quả thối (xác ướp) còn sót lại trên cây và dưới đất.<br>- Cắt bỏ cành bị bệnh loét.<br><br>2. Biện pháp hóa học:<br>- Phun phòng từ giai đoạn rụng cánh hoa.<br>- Hoạt chất: <strong>Captan</strong>, <strong>Mancozeb</strong>, <strong>Thiophanate-methyl</strong>, <strong>Pyraclostrobin</strong>.<br>- Việc phun thuốc ngừa ghẻ táo thường cũng kiểm soát được bệnh này.","https://farm3.static.flickr.com/2777/5706666883_727b1858e7.jpg,https://gardenerspath.com/wp-content/uploads/2019/08/Frogeye-spots-Botryosphaeria-obtusa-on-apple-leaf-FB.jpg,https://source.roboflow.com/cM8FViCbTTFxGkBgg1vh/3TpfpQAIqwYTRU108XES/original.jpg",Táo
"Bệnh vàng lá Mía (Yellow Leaf Virus)",Sugarcane_Yellow_Leaf,Bệnh virus,"<div><h2>Tổng quan bệnh hại</h2><p>Bệnh vàng lá (Sugarcane Yellow Leaf Virus - SCYLV) làm giảm trữ đường từ 20-30%. Bệnh thường không làm chết cây ngay mà làm cây suy yếu dần qua các vụ gốc (ratoon).</p><h3>Tác nhân & Lây truyền</h3><ul><li><strong>Virus:</strong> <em>Sugarcane yellow leaf virus</em> (SCYLV) thuộc họ Luteoviridae.</li><li><strong>Vector:</strong> Lan truyền qua Rệp mía (<em>Melanaphis sacchari</em>) và hom giống nhiễm bệnh.</li></ul><h3>Triệu chứng nhận diện</h3><ul><li><strong>Gân chính:</strong> Mặt dưới của gân lá chính chuyển sang màu vàng tươi (khi lá vẫn còn xanh). Đây là dấu hiệu đặc trưng nhất.</li><li><strong>Lá:</strong> Sau đó, phiến lá chuyển vàng từ chóp lá xuống, lan dần vào trong.</li><li><strong>Thân:</strong> Các lóng ở ngọn bị ngắn lại (chùn ngọn), các lá ngọn mọc chụm lại thành chùm (bunchy top).</li></ul></div>","1. Biện pháp giống (Quan trọng nhất):<br>- Tuyệt đối không lấy hom giống từ ruộng đã nhiễm bệnh.<br>- Sử dụng giống sạch bệnh từ nuôi cấy mô (Tissue culture).<br><br>2. Biện pháp canh tác:<br>- Vệ sinh đồng ruộng, diệt cỏ dại là ký chủ phụ của rệp.<br>- Không trồng mía xen canh với lúa miến hoặc ngô (ký chủ của virus).<br><br>3. Kiểm soát vector:<br>- Phun thuốc trừ rệp nếu mật độ cao: <strong>Imidacloprid</strong>, <strong>Thiamethoxam</strong>.","https://res.cloudinary.com/dzstqe0re/image/upload/v1764689079/image2_luntay.jpg,https://res.cloudinary.com/dzstqe0re/image/upload/v1764689072/image8_iuy1vz.jpg,https://res.cloudinary.com/dzstqe0re/image/upload/v1764689064/image19_xmvkef.jpg",Mía
"Bệnh rỉ sắt Cà phê (Rỉ sắt lá)",Coffee_Rust,Bệnh nấm,"<div><h2>Tổng quan bệnh hại</h2><p>Bệnh rỉ sắt (Coffee Leaf Rust) là bệnh kinh điển trong lịch sử ngành cà phê, từng xóa sổ ngành cà phê ở Sri Lanka. Bệnh làm rụng lá, cây kiệt sức (dieback).</p><h3>Tác nhân gây bệnh</h3><ul><li><strong>Nấm:</strong> <em>Hemileia vastatrix</em>.</li></ul><h3>Triệu chứng điển hình</h3><ul><li><strong>Mặt dưới lá:</strong> Xuất hiện các đốm tròn màu vàng cam, trên bề mặt có lớp bột phấn mịn như bụi rỉ sắt (bào tử nấm).</li><li><strong>Mặt trên lá:</strong> Tương ứng với vết bệnh ở mặt dưới là các đốm màu vàng nhạt, sau chuyển nâu.</li><li><strong>Hậu quả:</strong> Lá bị bệnh rụng rất nhanh, cành trơ trụi, khô cành, quả rụng hoặc bị lép.</li></ul></div>","1. Biện pháp canh tác:<br>- Trồng cây che bóng hợp lý để giảm cường độ ánh sáng (nấm phát triển mạnh ngoài nắng).<br>- Bón phân cân đối, tăng cường Kẽm (Zn) và Boron (B).<br>- Ghép chồi giống kháng (như dòng Catimor) lên gốc cũ.<br><br>2. Biện pháp hóa học:<br>- Phun phòng vào đầu mùa mưa.<br>- Hoạt chất: <strong>Copper Oxychloride</strong> (Cốc 85), <strong>Cyproconazole</strong> (Anvil), <strong>Hexaconazole</strong>, <strong>Propiconazole</strong>.<br>- Phun ướt đều mặt dưới lá.","https://res.cloudinary.com/dzstqe0re/image/upload/v1764689221/133_gtfbxy.jpg,https://res.cloudinary.com/dzstqe0re/image/upload/v1764689213/131_veodhn.jpg,https://res.cloudinary.com/dzstqe0re/image/upload/v1764689206/136_ylbbmp.jpg",Cà phê
"Bệnh nấm gỗ Esca trên Nho",Grape_Esca,Bệnh nấm,"<div><h2>Tổng quan bệnh hại</h2><p>Bệnh Esca (Measles) là tổ hợp bệnh nấm hại gỗ (Trunk Disease), làm cây chết đột ngột (apoplexy) hoặc suy tàn từ từ.</p><h3>Tác nhân gây bệnh</h3><ul><li><strong>Tổ hợp nấm:</strong> <em>Phaeomoniella chlamydospora</em>, <em>Phaeoacremonium minimum</em> và <em>Fomitiporia mediterranea</em>.</li></ul><h3>Triệu chứng đặc trưng</h3><ul><li><strong>Trên lá:</strong> Các vết sọc vàng (ở nho trắng) hoặc đỏ (ở nho đỏ) chạy giữa các gân lá, tạo thành hình ""xương cá"" hoặc ""vân hổ"". Phần thịt lá bị khô nâu, chỉ còn gân xanh.</li><li><strong>Trên quả:</strong> Xuất hiện các đốm đen nhỏ li ti (Black measles), quả nứt và nhạt thếch.</li><li><strong>Trong thân gỗ:</strong> Gỗ bị mục trắng, mềm xốp, có đường viền đen ngăn cách với phần gỗ khỏe.</li></ul></div>","1. Biện pháp phòng ngừa (Chưa có thuốc chữa khỏi hoàn toàn):<br>- Bôi keo liền sẹo có chứa thuốc nấm ngay sau khi cắt tỉa cành lớn.<br>- Khử trùng dụng cụ cắt tỉa giữa các cây.<br><br>2. Xử lý cây bệnh:<br>- Cắt bỏ phần thân bị mục (phẫu thuật cây) đến khi gặp phần gỗ khỏe.<br>- Nếu cây chết, nhổ bỏ và không trồng lại ngay trên hố cũ.<br><br>3. Thuốc bảo vệ:<br>- Phun <strong>Trichoderma</strong> hoặc các chế phẩm sinh học vào vết cắt để ngăn nấm xâm nhập.","https://upload.wikimedia.org/wikipedia/commons/thumb/c/cb/ESCA_Blattsymptom_1.JPG/1200px-ESCA_Blattsymptom_1.JPG,https://www.researchgate.net/profile/Laura-Mugnai/publication/43161073/figure/fig1/AS:340404659605512@1458170203496/Symptoms-associated-with-esca-of-grapevine-chlorosis-and-necrosis-on-the-leaves-showing_Q320.jpg,https://source.roboflow.com/at8ytVOoMpTCdCyjvYtikGsoRNr1/2Q8uuReeH3KsMHuMG4wY/original.jpg",Nho
"Bệnh muội đen Xoài (Bồ hóng)",Mango_Sooty_Mould,Bệnh nấm,"<div><h2>Tổng quan bệnh hại</h2><p>Bệnh muội đen (Sooty Mould) không trực tiếp tấn công mô cây mà phát triển trên dịch mật do rầy/rệp tiết ra. Lớp nấm đen che phủ làm giảm quang hợp.</p><h3>Tác nhân gây bệnh</h3><ul><li><strong>Nấm:</strong> <em>Capnodium mangiferae</em> hoặc <em>Meliola mangiferae</em>.</li><li><strong>Côn trùng đi kèm:</strong> Rầy bông xoài, Rệp sáp, Rệp muội.</li></ul><h3>Triệu chứng nhận diện</h3><ul><li><strong>Dấu hiệu:</strong> Một lớp nấm màu đen như muội than hoặc bồ hóng bao phủ kín mặt trên của lá, cành non và vỏ quả.</li><li><strong>Đặc điểm:</strong> Lớp nấm này dễ dàng dùng tay cạo sạch hoặc bị bong ra khi trời khô hanh, lộ ra phần lá xanh bên dưới (nhưng đã bị vàng úa do thiếu sáng).</li></ul></div>","1. Diệt côn trùng môi giới (Gốc rễ vấn đề):<br>- Phải tiêu diệt Rầy bông, Rệp sáp trước. Nếu không có mật ngọt của rệp, nấm sẽ tự chết.<br>- Hoạt chất trừ rầy: <strong>Imidacloprid</strong>, <strong>Buprofezin</strong>, <strong>Deltamethrin</strong>.<br><br>2. Rửa vườn:<br>- Phun nước áp lực mạnh để rửa trôi lớp bồ hóng.<br>- Phun dung dịch nước xà phòng loãng hoặc dầu khoáng (Petroleum Spray Oil) giúp bong tróc lớp nấm.<br>- Có thể dùng thuốc gốc Đồng để tẩy rửa nấm.","https://static.agrostar.in/static/DS_183.jpg,https://content.peat-cloud.com/w400/sooty-mold-mango-1550582079.jpg,https://www.researchgate.net/profile/Muhammad-Khaskheli-2/publication/339062797/figure/fig2/AS:855401515995136@1580955022011/Sooty-mold-Capnodium-mangiferae_Q320.jpg",Xoài
"Bệnh cháy lá Nho (Leaf Blight)",Grape_Leaf_Blight,Bệnh nấm,"<div><h2>Tổng quan bệnh hại</h2><p>Bệnh cháy lá (Leaf Blight) thường xuất hiện vào cuối mùa mưa, làm bộ lá tàn lụi nhanh chóng, ảnh hưởng đến tích lũy đường trong quả.</p><h3>Tác nhân gây bệnh</h3><ul><li><strong>Nấm:</strong> <em>Alternaria vitis</em> hoặc <em>Cercospora</em> spp.</li></ul><h3>Triệu chứng phân biệt</h3><ul><li><strong>Vết bệnh:</strong> Các đốm bất định màu nâu đen hoặc nâu đỏ ở mép lá hoặc chóp lá.</li><li><strong>Tiến triển:</strong> Vết bệnh lan rộng vào trong phiến lá, có ranh giới rõ ràng với phần xanh. Các vết bệnh liên kết làm lá bị khô cháy, giòn và rách nát.</li><li><strong>Phân biệt:</strong> Khác với phấn trắng (có bột trắng) hay sương mai (có mốc trắng ở mặt dưới).</li></ul></div>","1. Biện pháp canh tác:<br>- Tỉa bỏ lá già, lá bệnh đem đốt.<br>- Bón Kali trắng (K2SO4) để làm dày lá.<br><br>2. Biện pháp hóa học:<br>- Phun thuốc khi bệnh chớm xuất hiện.<br>- Hoạt chất: <strong>Mancozeb</strong>, <strong>Zineb</strong>, <strong>Chlorothalonil</strong>, <strong>Difenoconazole</strong>.<br>- Các thuốc trừ thán thư thường cũng có hiệu quả với bệnh này.","https://res.cloudinary.com/dzstqe0re/image/upload/v1764689861/450bcad9-9b25-43b8-b2d9-70991681bcfb___FAM_L.Blight_0788_dbxok8.jpg,https://res.cloudinary.com/dzstqe0re/image/upload/v1764689853/476e2e2e-eb50-46bb-920e-69cf9a86e7c9___FAM_L.Blight_1674_flipLR_hfko1q.jpg,https://res.cloudinary.com/dzstqe0re/image/upload/v1764689842/522e6b5a-0a38-4d51-a0f5-1665f818f23e___FAM_L.Blight_1612_flipLR_g1fdea.jpg",Nho
"Bệnh rỉ sắt nâu Mía",Sugarcane_Brown_Rust,Bệnh nấm,"<div><h2>Tổng quan bệnh hại</h2><p>Bệnh rỉ sắt nâu (Brown Rust) phổ biến hơn rỉ sắt cam, thường gây hại nặng vào giai đoạn mía vươn lóng trong thời tiết lạnh và ẩm.</p><h3>Tác nhân gây bệnh</h3><ul><li><strong>Nấm:</strong> <em>Puccinia melanocephala</em>.</li></ul><h3>Triệu chứng nhận diện</h3><ul><li><strong>Vết bệnh:</strong> Các đốm nhỏ dài màu vàng, sau chuyển thành màu nâu đỏ hoặc nâu sẫm (màu rỉ sắt).</li><li><strong>Mặt dưới lá:</strong> Vết bệnh nổi gồ lên, khi vỡ ra giải phóng bụi phấn màu nâu (bào tử).</li><li><strong>Tác hại:</strong> Bệnh nặng làm lá khô cháy từ ngọn vào, cây còi cọc, giảm năng suất mía cây.</li></ul></div>","1. Biện pháp canh tác:<br>- Sử dụng giống kháng (biện pháp kinh tế nhất).<br>- Bón đầy đủ dinh dưỡng, tránh bón thừa đạm muộn.<br>- Thoát nước tốt cho ruộng mía.<br><br>2. Biện pháp hóa học:<br>- Chỉ phun khi bệnh quá nặng ở ruộng nhân giống.<br>- Hoạt chất: <strong>Mancozeb</strong>, <strong>Propiconazole</strong>, <strong>Tebuconazole</strong>, <strong>Azoxystrobin</strong>.<br>- Phun 2-3 lần cách nhau 10-14 ngày.","https://res.cloudinary.com/dzstqe0re/image/upload/v1764689991/aug_0_image21_wilduk.jpg,https://res.cloudinary.com/dzstqe0re/image/upload/v1764689984/aug_0_image34_pmvjdi.jpg,https://res.cloudinary.com/dzstqe0re/image/upload/v1764689976/aug_0_image40_erdxw3.jpg",Mía
"Bệnh đốm vòng sớm Cà chua (Early Blight)",Tomato_Early_Blight,Bệnh nấm,"<div><h2>Tổng quan bệnh hại</h2><p>Bệnh đốm vòng sớm (Early Blight) thường xuất hiện sớm hơn bệnh mốc sương, tấn công các lá già sát gốc trước.</p><h3>Tác nhân gây bệnh</h3><ul><li><strong>Nấm:</strong> <em>Alternaria solani</em>.</li></ul><h3>Triệu chứng đặc trưng</h3><ul><li><strong>Trên lá:</strong> Các đốm tròn màu nâu đen. Đặc trưng nhất là các vòng tròn đồng tâm (như vân gỗ hoặc bia bắn). Xung quanh vết bệnh thường có quầng vàng.</li><li><strong>Trên thân:</strong> Vết lõm hình bầu dục, có vân vòng, gây gãy cành.</li><li><strong>Trên quả:</strong> Vết bệnh ở cuống quả màu đen, lõm xuống, có vòng đồng tâm, làm quả rụng.</li></ul></div>","1. Biện pháp canh tác:<br>- Luân canh cây trồng (không trồng liên tục họ Cà).<br>- Ngắt bỏ lá già sát gốc để tạo độ thông thoáng.<br>- Dùng màng phủ nông nghiệp để tránh bào tử trong đất bắn lên lá.<br><br>2. Biện pháp hóa học:<br>- Phun phòng định kỳ.<br>- Hoạt chất: <strong>Mancozeb</strong>, <strong>Chlorothalonil</strong>, <strong>Azoxystrobin</strong>, <strong>Difenoconazole</strong>.<br>- Sản phẩm: Antracol, Score, Amistar.","https://res.cloudinary.com/dzstqe0re/image/upload/v1764690100/93533fec-94de-411f-a52e-38cd4d36dbee___RS_Erly.B_9558_flipTB_trwdqo.jpg,https://res.cloudinary.com/dzstqe0re/image/upload/v1764690093/96441f54-ccd3-4f34-b405-e395e5070d2c___RS_Erly.B_8336_flipTB_td0okf.jpg,https://res.cloudinary.com/dzstqe0re/image/upload/v1764690084/289972f1-4f80-432d-8f44-39c16ea787c3___RS_Erly.B_7542_180deg_fvxpo7.jpg",Cà chua
"Bệnh cháy bìa lá vi khuẩn Sắn",Cassava_Bacterial_Blight,Bệnh vi khuẩn,"<div><h2>Tổng quan bệnh hại</h2><p>Bệnh cháy bìa lá (CBB - Cassava Bacterial Blight) là bệnh vi khuẩn nguy hiểm nhất trên sắn, lây lan qua hom giống và dụng cụ cắt.</p><h3>Tác nhân gây bệnh</h3><ul><li><strong>Vi khuẩn:</strong> <em>Xanthomonas axonopodis</em> pv. <em>manihotis</em>.</li></ul><h3>Triệu chứng điển hình</h3><ul><li><strong>Trên lá:</strong> Các đốm góc cạnh (do gân lá giới hạn) bị sũng nước (soi ngược sáng thấy rõ). Sau đó vết bệnh khô đi, lá bị cháy và rụng.</li><li><strong>Trên thân:</strong> Có các vết thâm đen dọc thân, tiết ra dịch mủ (gôm) màu vàng nhạt.</li><li><strong>Ngọn:</strong> Đỉnh sinh trưởng bị thối, khô ngọn (Dieback), cây mọc chồi mới ở dưới thấp (Candle stick).</li></ul></div>","1. Biện pháp giống (Quan trọng):<br>- Tuyệt đối không lấy hom giống từ vùng có dịch.<br>- Xử lý hom giống bằng nước nóng 50°C trong 30 phút trước khi trồng.<br><br>2. Biện pháp canh tác:<br>- Nhổ bỏ và tiêu hủy cây bệnh.<br>- Luân canh sắn với cây họ đậu.<br><br>3. Biện pháp hóa học:<br>- Ít hiệu quả với vi khuẩn. Có thể dùng thuốc gốc Đồng (<strong>Copper Hydroxide</strong>) để hạn chế lây lan cục bộ.","https://infonet-biovision.org/sites/default/files/832.400x400_5.jpeg,https://www.shutterstock.com/image-photo/cassava-leaf-blight-disease-bacteria-600nw-2248098865.jpg",Sắn
"Cây cà chua khỏe mạnh",Tomato_Healthy,Cây khỏe,"<div><h2>Mô tả trạng thái cây</h2><p>Cây cà chua khỏe mạnh có khả năng ra hoa đậu quả liên tục, lá xanh bền.</p><h3>Đặc điểm hình thái</h3><ul><li><strong>Lá:</strong> Lá kép lông chim, màu xanh đậm, có lông tơ và mùi hăng đặc trưng. Lá không bị xoăn, không có đốm vàng hay mốc đen.</li><li><strong>Thân:</strong> Thân mập, lông tơ trắng dày, không có vết thâm đen hay u sưng.</li><li><strong>Quả:</strong> Quả phát triển cân đối, vỏ láng, đài quả xanh tươi, không bị nứt hay thối đít quả.</li></ul></div>","Duy trì canh tác:<br>1. Tỉa chồi: Tỉa bỏ toàn bộ chồi nách (đối với giống vô hạn) để tập trung dinh dưỡng nuôi thân chính.<br>2. Dinh dưỡng: Bón Canxi và Bo để chống thối đít quả và nứt quả. Bón Kali khi quả đang lớn.<br>3. Tưới nước: Tưới đều đặn, tránh sốc nước gây nứt quả.","https://s.yimg.com/ny/api/res/1.2/X5WfK6vBuT5Z5m0rOb3Aqg--/YXBwaWQ9aGlnaGxhbmRlcjt3PTk2MDtoPTU0MDtjZj13ZWJw/https://homesteadhow-to.com/wp-content/uploads/2025/06/curling-tomato-leaves-1024x576.jpg,https://thumbs.dreamstime.com/b/health-tomato-sheet-nice-green-leaf-sign-good-growth-which-will-result-good-production-76292234.jpg,https://suzannerbanks.blog/wp-content/uploads/2013/01/tomato-leaf.jpg",Cà chua
"Bệnh đốm nâu lá Sắn",Cassava_Brown_Spot,Bệnh nấm,"<div><h2>Tổng quan bệnh hại</h2><p>Bệnh đốm nâu (Brown Leaf Spot) rất phổ biến, thường xuất hiện trên các lá già ở tầng thấp, ít ảnh hưởng năng suất nếu không quá nặng.</p><h3>Tác nhân gây bệnh</h3><ul><li><strong>Nấm:</strong> <em>Cercosporidium henningsii</em>.</li></ul><h3>Triệu chứng nhận diện</h3><ul><li><strong>Mặt trên lá:</strong> Các đốm tròn màu nâu sẫm, viền rõ rệt. Khi già tâm vết bệnh có thể chuyển màu xám nhạt và thủng lỗ.</li><li><strong>Mặt dưới lá:</strong> Vết bệnh màu nâu xám, nhìn kỹ thấy lớp mốc mỏng.</li><li><strong>Đặc điểm:</strong> Xung quanh vết bệnh thường có quầng vàng nhẹ. Lá bệnh vàng và rụng sớm hơn lá khỏe.</li></ul></div>","1. Biện pháp canh tác:<br>- Trồng mật độ vừa phải để ruộng thoáng gió.<br>- Bón đủ Kali để tăng tuổi thọ lá.<br>- Thu dọn tàn dư lá bệnh sau thu hoạch.<br><br>2. Biện pháp hóa học:<br>- Thường không cần phun thuốc trừ khi bệnh lan lên các lá ngọn.<br>- Hoạt chất: <strong>Carbendazim</strong>, <strong>Mancozeb</strong>, <strong>Copper Oxychloride</strong>.<br>- Phun 1-2 lần nếu áp lực bệnh cao.","https://res.cloudinary.com/dzstqe0re/image/upload/v1764690498/3cassava_train_bspot_jmf80p.jpg,https://res.cloudinary.com/dzstqe0re/image/upload/v1764690490/47cassava_train_bspot_ujkeoi.jpg,https://res.cloudinary.com/dzstqe0re/image/upload/v1764690481/83cassava_train_bspot_b0goej.jpg",Sắn
"Bệnh đốm lá Septoria Cà chua",Tomato_Septoria_Leaf_Spot,Bệnh nấm,"<div><h2>Tổng quan bệnh hại</h2><p>Bệnh đốm lá Septoria (Septoria Leaf Spot) là bệnh phá hủy bộ lá cà chua khủng khiếp nhất sau mốc sương, thường xuất hiện sau khi cây đậu quả.</p><h3>Tác nhân gây bệnh</h3><ul><li><strong>Nấm:</strong> <em>Septoria lycopersici</em>.</li></ul><h3>Triệu chứng đặc trưng</h3><ul><li><strong>Số lượng:</strong> Xuất hiện rất nhiều đốm nhỏ li ti trên các lá già dưới gốc trước.</li><li><strong>Hình dáng:</strong> Đốm hình tròn, đường kính nhỏ (2-3mm), tâm màu xám trắng, viền màu nâu đen hoặc đen.</li><li><strong>Phân biệt:</strong> Khác với đốm vòng (Early Blight), vết bệnh Septoria nhỏ hơn nhiều và thường không có vòng đồng tâm rõ rệt.</li></ul></div>","1. Biện pháp canh tác:<br>- Ngắt bỏ các lá già sát gốc (lá chân) để hạn chế nấm từ đất bắn lên.<br>- Không tưới nước lên lá vào buổi tối.<br>- Luân canh cây trồng ít nhất 2 năm.<br><br>2. Biện pháp hóa học:<br>- Phun khi bệnh chớm xuất hiện ở các lá dưới thấp.<br>- Hoạt chất: <strong>Chlorothalonil</strong>, <strong>Mancozeb</strong>, <strong>Difenoconazole</strong> hoặc <strong>Copper Hydroxide</strong>.<br>- Phun định kỳ 7-10 ngày/lần.","https://res.cloudinary.com/dzstqe0re/image/upload/v1764690649/41efe5a6-94ca-4761-8543-fd42b09dc4a8___Matt.S_CG_6303_epe482.jpg,https://res.cloudinary.com/dzstqe0re/image/upload/v1764690640/45c5dbd2-e45d-438b-ae11-04e96417cb2f___Matt.S_CG_0666_bqxq1l.jpg,https://res.cloudinary.com/dzstqe0re/image/upload/v1764690632/55e8b4dd-0a94-4be5-895c-40e280bf7408___Keller.St_CG_1817_l6ugd0.jpg",Cà chua
"Bệnh đốm nâu lá Vải (Fungal Spot)",Lychee_Fungal_Leaf_Spot,Bệnh nấm,"<div><h2>Tổng quan bệnh hại</h2><p>Nhóm bệnh đốm lá do nấm gây hại phổ biến trên vải thiều, làm giảm khả năng quang hợp và cây còi cọc.</p><h3>Tác nhân gây bệnh</h3><ul><li><strong>Nấm:</strong> Thường do <em>Pestalotiopsis</em> spp. hoặc <em>Cercospora</em> spp.</li></ul><h3>Triệu chứng nhận diện</h3><ul><li><strong>Vết bệnh:</strong> Các đốm hình tròn hoặc bất định, màu nâu xám hoặc nâu đỏ.</li><li><strong>Tiến triển:</strong> Vết bệnh lan rộng từ chóp lá hoặc mép lá vào trong. Trên vết bệnh già có thể thấy các chấm đen nhỏ (ổ bào tử).</li><li><strong>Tác hại:</strong> Làm lá khô, giòn và rụng sớm, ảnh hưởng đến đợt lộc thu (đợt lộc quyết định năng suất năm sau).</li></ul></div>","1. Biện pháp canh tác:<br>- Tỉa cành tạo tán sau thu hoạch để vườn thông thoáng.<br>- Bón phân cân đối, tăng cường Kali.<br><br>2. Biện pháp hóa học:<br>- Phun rửa vườn sau thu hoạch và bảo vệ các đợt lộc non.<br>- Hoạt chất: <strong>Carbendazim</strong>, <strong>Mancozeb</strong>, <strong>Difenoconazole</strong> hoặc <strong>Propiconazole</strong>.<br>- Phun ướt đều 2 mặt lá.","https://res.cloudinary.com/dzstqe0re/image/upload/v1764690780/Fungal_Leaf_Spot00008_zoomed_855_cbkef7.jpg,https://res.cloudinary.com/dzstqe0re/image/upload/v1764690772/Fungal_Leaf_Spot00013_rotated_936_jeco5e.jpg,https://res.cloudinary.com/dzstqe0re/image/upload/v1764690763/Fungal_Leaf_Spot00024_zoomed_830_igozeq.jpg",Vải
"Lá Vải khỏe mạnh",Lychee_Healthy_Leaf,Cây khỏe,"<div><h2>Mô tả trạng thái cây</h2><p>Cây vải khỏe mạnh có bộ lá xanh dày, là tiền đề cho khả năng ra hoa và nuôi quả.</p><h3>Đặc điểm hình thái</h3><ul><li><strong>Lá non (Lộc):</strong> Màu đỏ đồng hoặc nâu đỏ, mềm mại. Không bị sâu cuốn tổ hay rệp chích hút.</li><li><strong>Lá bánh tẻ/Lá già:</strong> Màu xanh đậm, phiến lá dày, cứng, bóng láng (nhờ lớp cutin dày). Mép lá nguyên vẹn, không bị cháy khô.</li><li><strong>Sức sống:</strong> Cành lộc vươn dài, không có vết xì mủ hay u sưng.</li></ul></div>","Duy trì canh tác:<br>1. Bảo vệ lộc: Phun thuốc trừ sâu định kỳ mỗi đợt lộc non để chống sâu đục gân lá và bọ xít.<br>2. Dinh dưỡng: Bón thúc lộc bằng phân NPK hàm lượng Đạm cao. Khi nuôi quả cần tăng Kali.<br>3. Tưới nước: Giữ ẩm thường xuyên, xiết nước (khoanh vỏ) để kích thích phân hóa mầm hoa.","https://res.cloudinary.com/dzstqe0re/image/upload/v1764690940/Healthy_Leaf00254_rotated_596_hepnhs.jpg,https://res.cloudinary.com/dzstqe0re/image/upload/v1764690931/Healthy_Leaf00273_rotated_719_my4nlv.jpg,https://res.cloudinary.com/dzstqe0re/image/upload/v1764690921/Healthy_Leaf00170_flipped_8_odbnln.jpg",Vải
"Bệnh mốc sương Khoai tây (Late Blight)",Potato_Late_Blight,Bệnh nấm,"<div><h2>Tổng quan bệnh hại</h2><p>Bệnh mốc sương (Late Blight) là ""kẻ hủy diệt"" số 1 của khoai tây. Bệnh có thể làm thối toàn bộ ruộng chỉ trong vài ngày nếu trời mưa phùn ẩm ướt.</p><h3>Tác nhân gây bệnh</h3><ul><li><strong>Nấm:</strong> <em>Phytophthora infestans</em>.</li></ul><h3>Triệu chứng điển hình</h3><ul><li><strong>Trên lá:</strong> Vết bệnh là các đốm úng nước màu xanh tái ở mép lá, sau chuyển nâu đen, lan rộng cực nhanh. Mặt dưới lá có lớp mốc trắng bao quanh vết bệnh.</li><li><strong>Trên thân:</strong> Vết thối đen chạy dọc thân làm cây gục ngã.</li><li><strong>Trên củ:</strong> Củ bị thối khô màu nâu, vỏ củ lốm đốm, cắt ra thấy thịt củ bị biến màu nâu đỏ ăn sâu vào trong.</li></ul></div>","1. Phòng ngừa (Bắt buộc):<br>- Sử dụng củ giống sạch bệnh.<br>- Vun luống cao để thoát nước, hạn chế bào tử nấm xâm nhập vào củ.<br><br>2. Biện pháp hóa học (Quyết liệt):<br>- Phun phòng ngay khi thời tiết báo có mưa phùn, sương mù.<br>- Hoạt chất nội hấp: <strong>Metalaxyl</strong>, <strong>Cymoxanil</strong>, <strong>Dimethomorph</strong>.<br>- Hoạt chất tiếp xúc: <strong>Mancozeb</strong>, <strong>Chlorothalonil</strong>.<br>- Sản phẩm: Ridomil Gold, Infinito.","https://res.cloudinary.com/dzstqe0re/image/upload/v1764691042/0acdc2b2-0dde-4073-8542-6fca275ab974___RS_LB_4857_ucycnh.jpg,https://res.cloudinary.com/dzstqe0re/image/upload/v1764691033/00b1f292-23dd-44d4-aad3-c1ffb6a6ad5a___RS_LB_4479_pecn0d.jpg,https://res.cloudinary.com/dzstqe0re/image/upload/v1764691024/0b092cda-db8c-489d-8c46-23ac3835310d___RS_LB_4480_g0iqfx.jpg",Khoai tây
"Bệnh đốm vòng Khoai tây (Early Blight)",Potato_Early_Blight,Bệnh nấm,"<div><h2>Tổng quan bệnh hại</h2><p>Bệnh đốm vòng (Early Blight) thường xuất hiện sớm hơn mốc sương, gây hại chủ yếu trên lá già, làm cây tàn lụi sớm, giảm kích thước củ.</p><h3>Tác nhân gây bệnh</h3><ul><li><strong>Nấm:</strong> <em>Alternaria solani</em>.</li></ul><h3>Triệu chứng nhận diện</h3><ul><li><strong>Vết bệnh:</strong> Các đốm màu nâu đen, hình tròn hoặc góc cạnh.</li><li><strong>Đặc điểm:</strong> Vết bệnh có các vòng tròn đồng tâm (kiểu vân gỗ) rất rõ.</li><li><strong>Vị trí:</strong> Xuất hiện trước ở các lá dưới gốc, sau lan dần lên trên. Lá bệnh vàng và rụng nhưng không bị nhũn nát như mốc sương.</li></ul></div>","1. Biện pháp canh tác:<br>- Bón đủ phân, đặc biệt là Kali và Đạm để duy trì sức sống của bộ lá (cây yếu dễ nhiễm bệnh này).<br>- Tưới nước vào rãnh, tránh tưới phun mưa mạnh lên lá.<br><br>2. Biện pháp hóa học:<br>- Phun khi bệnh chớm xuất hiện.<br>- Hoạt chất: <strong>Difenoconazole</strong>, <strong>Azoxystrobin</strong>, <strong>Propineb</strong> (Antracol) hoặc <strong>Chlorothalonil</strong>.<br>- Phun định kỳ 7-10 ngày/lần.","https://res.cloudinary.com/dzstqe0re/image/upload/v1764691150/0c5b14d9-8b1c-4c39-bb23-1835b5760caa___RS_Early.B_7937_xi7lae.jpg,https://res.cloudinary.com/dzstqe0re/image/upload/v1764691159/0a79700b-f834-41f5-ae51-6ceda6f67a48___RS_Early.B_8951_stbxyi.jpg,https://res.cloudinary.com/dzstqe0re/image/upload/v1764691169/0a6983a5-895e-4e68-9edb-88adf79211e9___RS_Early.B_9072_qkdavy.jpg",Khoai tây
"Hiện tượng khô cháy lá Vải (Dry Leaf)",Lychee_Dry_Leaf,Sinh lý/Bệnh lý,"<div><h2>Tổng quan hiện tượng</h2><p>Hiện tượng khô lá (Leaf Scorch) có thể do nấm hoặc do sốc môi trường, làm giảm diện tích quang hợp nghiêm trọng.</p><h3>Nguyên nhân & Triệu chứng</h3><ol><li><strong>Do nấm (Cháy lá):</strong> Thường do nấm <em>Gloeosporium</em> spp. Vết cháy bắt đầu từ chóp lá hoặc mép lá lan vào, màu nâu đỏ, có ranh giới rõ rệt.</li><li><strong>Do sinh lý (Sốc nhiệt/Phân bón):</strong> Lá bị cháy khô nhanh chóng sau các đợt nắng nóng gay gắt hoặc bón phân quá liều (cháy phân). Vết cháy thường khô giòn, màu nâu nhạt.</li></ol></div>","1. Xử lý nguyên nhân:<br>- Nếu do nấm: Phun các thuốc gốc Đồng (<strong>Copper Hydroxide</strong>) hoặc <strong>Mancozeb</strong>.<br>- Nếu do sốc nhiệt/nước: Tăng cường tưới nước giữ ẩm, phun phân bón lá chứa Amino acid hoặc rong biển để giải độc và hồi phục cây.<br><br>2. Phòng ngừa:<br>- Che phủ gốc giữ ẩm trong mùa khô.<br>- Bón phân cân đối, chia làm nhiều lần bón.","https://res.cloudinary.com/dzstqe0re/image/upload/v1764691331/Dry_Leaf00019_rotated_875_r5horq.jpg,https://res.cloudinary.com/dzstqe0re/image/upload/v1764691308/Dry_Leaf00022_flipped_952_z2aqxy.jpg",Vải
"Triệu chứng thiếu dinh dưỡng lá Vải",Lychee_Deficiency_Leaf,Dinh dưỡng,"<div><h2>Tổng quan</h2><p>Cây vải rất mẫn cảm với sự thiếu hụt dinh dưỡng, biểu hiện rõ rệt trên lá làm cây còi cọc, rụng trái sinh lý nhiều.</p><h3>Các dạng thiếu hụt phổ biến</h3><ul><li><strong>Thiếu Kali (K):</strong> Mép lá bị cháy khô (như bị bỏng), lá già vàng trước. Quả nhỏ, chua, dễ nứt.</li><li><strong>Thiếu Kẽm (Zn):</strong> Lá non nhỏ lại, mọc chụm, gân lá xanh nhưng thịt lá vàng (vàng lá gân xanh).</li><li><strong>Thiếu Boron (B):</strong> Đỉnh sinh trưởng bị chết, quả bị điếc (không hạt) hoặc dị dạng, vỏ dày.</li></ul></div>","1. Biện pháp khắc phục:<br>- Dựa vào triệu chứng để bổ sung đúng loại phân.<br>- Thiếu Kali: Bón KCL hoặc K2SO4 gốc.<br>- Thiếu vi lượng (Zn, B): Phun phân bón lá chứa vi lượng (Combi) định kỳ vào các đợt ra lộc non và trước khi ra hoa.<br><br>2. Canh tác:<br>- Bón phân hữu cơ hoai mục hàng năm để cải thiện độ phì nhiêu và khả năng giữ phân của đất.","https://res.cloudinary.com/dzstqe0re/image/upload/v1764691437/Deficiency_Leaf00012_flipped_66_c7oez9.jpg,https://res.cloudinary.com/dzstqe0re/image/upload/v1764691446/Deficiency_Leaf00010_zoomed_875_u4lvd4.jpg",Vải
"Bệnh cháy lá chết ngọn Vải (Blight)",Lychee_Leaf_Blight,Bệnh nấm,"<div><h2>Tổng quan bệnh hại</h2><p>Bệnh cháy lá chết ngọn (Leaf Blight) thường tấn công các cành non và chùm hoa, làm khô cành (dieback).</p><h3>Tác nhân gây bệnh</h3><ul><li><strong>Nấm:</strong> <em>Gloeosporium</em> spp. hoặc <em>Phomopsis</em> spp.</li></ul><h3>Triệu chứng điển hình</h3><ul><li><strong>Trên lá:</strong> Vết bệnh màu nâu sẫm, lan rộng nhanh chóng làm toàn bộ phiến lá khô và rủ xuống nhưng vẫn dính trên cành.</li><li><strong>Trên cành:</strong> Vỏ cành non bị khô tóp lại, màu nâu đen. Bệnh lan dần từ ngọn xuống gốc cành.</li></ul></div>","1. Biện pháp canh tác:<br>- Cắt bỏ cành bệnh (cắt sâu xuống phần gỗ khỏe 10-20cm) và đem tiêu hủy.<br>- Bôi vôi hoặc keo liền da vào vết cắt.<br><br>2. Biện pháp hóa học:<br>- Phun thuốc ngay sau khi cắt tỉa và khi ra lộc non.<br>- Hoạt chất: <strong>Thiophanate-methyl</strong>, <strong>Carbendazim</strong>, <strong>Azoxystrobin</strong>.<br>- Sản phẩm: Topsin M, Bavistin, Amistar.","https://res.cloudinary.com/dzstqe0re/image/upload/v1764691561/Leaf_Blight00008_bright_913_fawvas.jpg,https://res.cloudinary.com/dzstqe0re/image/upload/v1764691541/Leaf_Blight00002_flipped_908_ifypyc.jpg,https://res.cloudinary.com/dzstqe0re/image/upload/v1764691529/Leaf_Blight00019_shifted_985_toxf6s.jpg",Vải
"Bệnh thán thư lá Vải (Anthracnose)",Lychee_Anthrax_Leaf,Bệnh nấm,"<div><h2>Đính chính tên bệnh</h2><p><em>Lưu ý: Class name ""Anthrax"" là tên bệnh Than (trên người/động vật). Trên thực vật, bệnh này là <strong>Thán thư (Anthracnose)</strong>.</em></p><h2>Tổng quan bệnh hại</h2><p>Bệnh thán thư gây hại nghiêm trọng trên lá, chùm hoa và quả vải, làm thối quả hàng loạt sau thu hoạch.</p><h3>Tác nhân gây bệnh</h3><ul><li><strong>Nấm:</strong> <em>Colletotrichum gloeosporioides</em>.</li></ul><h3>Triệu chứng nhận diện</h3><ul><li><strong>Trên lá:</strong> Các đốm nâu xám, hơi lõm, viền nâu đậm. Vết bệnh khô và rách thủng.</li><li><strong>Trên quả:</strong> Các đốm đen nhỏ, sau lan rộng làm vỏ quả bị thâm đen, thối nhũn (thối khô hoặc thối ướt), trên bề mặt có lớp bào tử màu hồng nhạt.</li></ul></div>","1. Biện pháp canh tác:<br>- Tỉa tán thông thoáng để ánh nắng xuyên vào.<br>- Thu dọn quả rụng và lá bệnh.<br><br>2. Biện pháp hóa học:<br>- Phun phòng vào giai đoạn ra hoa, đậu quả non và trước thu hoạch.<br>- Hoạt chất: <strong>Azoxystrobin</strong>, <strong>Difenoconazole</strong>, <strong>Propineb</strong>, <strong>Chlorothalonil</strong>.<br>- Xử lý quả sau thu hoạch bằng nước ấm hoặc dung dịch diệt nấm an toàn.","https://res.cloudinary.com/dzstqe0re/image/upload/v1764691646/Anthrax_Leaf00001_flipped_0_pm6fiv.jpg,https://res.cloudinary.com/dzstqe0re/image/upload/v1764691637/Anthrax_Leaf00003_rotated_13_uthruf.jpg",Vải
"Bệnh đốm đen/Muội than Vải",Lychee_Bituminous_Leaf,Bệnh nấm,"<div><h2>Tổng quan bệnh hại</h2><p>Bệnh ""Bituminous"" (như nhựa đường) ám chỉ bệnh Muội đen hoặc Đốm đen (Black Spot/Sooty Mold), tạo thành lớp mảng đen bám chặt trên lá.</p><h3>Tác nhân gây bệnh</h3><ul><li><strong>Nấm:</strong> <em>Meliola</em> spp. (Nấm bồ hóng) hoặc các nấm hoại sinh khác phát triển trên dịch mật của côn trùng.</li></ul><h3>Triệu chứng đặc trưng</h3><ul><li><strong>Hình thái:</strong> Mặt lá xuất hiện các mảng màu đen kịt, dính chặt như bôi nhựa đường hoặc muội than.</li><li><strong>Cơ chế:</strong> Nấm không ký sinh vào lá mà chỉ bám trên bề mặt, nhưng cản trở quang hợp nghiêm trọng, làm cây còi cọc, quả xấu mã.</li><li><strong>Liên quan:</strong> Thường đi kèm với sự xuất hiện của Rệp sáp, Rệp muội.</li></ul></div>","1. Kiểm soát côn trùng (Quan trọng nhất):<br>- Phun thuốc trừ Rệp sáp, Rệp muội: <strong>Imidacloprid</strong>, <strong>Thiamethoxam</strong>, <strong>Spirotetramat</strong>.<br><br>2. Rửa lá:<br>- Phun dầu khoáng (Petroleum Spray Oil) hoặc nước rửa chén loãng để làm bong lớp muội đen.<br>- Phun thuốc gốc Đồng (<strong>Copper Oxychloride</strong>) để tẩy nấm và rửa vườn.","https://res.cloudinary.com/dzstqe0re/image/upload/v1764691747/Bituminous_Leaf00003_rotated_13_j3rgmd.jpg,https://res.cloudinary.com/dzstqe0re/image/upload/v1764691734/Bituminous_Leaf00005_bright_27_rsy1cm.jpg",Vải
"Bệnh xoăn lá Vải (Nhện lông nhung)",Lychee_Curl_Leaf,Côn trùng gây hại,"<div><h2>Tổng quan bệnh hại</h2><p>Bệnh xoăn lá hay còn gọi là bệnh Nhện lông nhung (Erinose Mite), là bệnh phổ biến nhất trên vải thiều.</p><h3>Tác nhân gây hại</h3><ul><li><strong>Tên khoa học:</strong> Nhện <em>Aceria litchii</em> (hoặc <em>Eriophyes litchii</em>).</li></ul><h3>Triệu chứng đặc trưng</h3><ul><li><strong>Mặt dưới lá:</strong> Xuất hiện lớp lông nhung dày đặc màu trắng bạc (lúc mới bị), sau chuyển sang màu nâu đỏ như nhung. Lớp lông này thực chất là các mô sẹo do nhện chích hút tạo thành.</li><li><strong>Mặt trên lá:</strong> Nổi phồng rộp, lồi lõm (như mụn cóc).</li><li><strong>Hình dáng lá:</strong> Lá bị xoăn tít, vặn vẹo, nhỏ lại và cứng đơ.</li></ul></div>","1. Biện pháp canh tác:<br>- Ngắt bỏ các cành lộc bị bệnh đem đốt ngay lập tức.<br>- Cắt tỉa sau thu hoạch để loại bỏ nơi trú ẩn của nhện.<br><br>2. Biện pháp hóa học:<br>- Nhện này nằm trong lớp lông nhung nên thuốc tiếp xúc khó trị.<br>- Phun thuốc ngay khi lộc non vừa nhú (chưa kịp cuốn lá).<br>- Hoạt chất: <strong>Sulphur</strong> (Lưu huỳnh), <strong>Abamectin</strong>, <strong>Diafenthiuron</strong> hoặc dầu khoáng.<br>- Phun ướt đẫm 2 mặt lá.","https://res.cloudinary.com/dzstqe0re/image/upload/v1764691830/Curl_Leaf00002_bright_105_fsuaou.jpg,https://res.cloudinary.com/dzstqe0re/image/upload/v1764691820/Curl_Leaf00005_rotated_703_kkxqjp.jpg",Vải
"Bệnh u sưng lá Vải (Leaf Gall)",Lychee_Leaf_Gall,Côn trùng gây hại,"<div><h2>Tổng quan bệnh hại</h2><p>Đây là một dạng biểu hiện khác hoặc giai đoạn nặng hơn của bệnh Nhện lông nhung, tạo ra các u sưng lớn trên lá.</p><h3>Tác nhân gây hại</h3><ul><li><strong>Tên khoa học:</strong> Nhện <em>Aceria litchii</em> (tác nhân chính gây u sưng).</li></ul><h3>Triệu chứng nhận diện</h3><ul><li><strong>Vết bệnh:</strong> Các nốt u sần sùi (Gall) nổi lên trên mặt lá, kích thước lớn hơn nốt sần thông thường.</li><li><strong>Cấu trúc:</strong> Bên trong nốt u chứa đầy nhện non và trứng. Lá bị biến dạng hoàn toàn, mép lá cuộn lại thành ống.</li><li><strong>Hậu quả:</strong> Nếu bị trên chùm hoa, hoa sẽ biến thành các chùm ""tổ rồng"" (Witches' broom), không thể đậu quả.</li></ul></div>","1. Xử lý triệt để:<br>- Cắt bỏ toàn bộ cành mang lá/hoa bị u sưng ""tổ rồng"" và đem đốt. Đây là ổ dịch chính.<br><br>2. Biện pháp hóa học:<br>- Tương tự bệnh Xoăn lá, cần phun kép 2 lần cách nhau 5-7 ngày vào đợt ra lộc.<br>- Hoạt chất thấm sâu: <strong>Spirotetramat</strong>, <strong>Fenpyroximate</strong>, <strong>Propargite</strong>.<br>- Pha thêm chất bám dính để tăng hiệu quả.","https://res.cloudinary.com/dzstqe0re/image/upload/v1764691919/Leaf_Gall00004_flipped_434_amxapm.jpg,https://res.cloudinary.com/dzstqe0re/image/upload/v1764691898/Leaf_Gall00005_rotated_824_1_ywyrho.jpg",Vải
"Bệnh khảm lá Sắn (Mosaic Virus)",Cassava_Mosaic,Bệnh virus,"<div><h2>Tổng quan bệnh hại</h2><p>Bệnh khảm lá (Cassava Mosaic Disease - CMD) là đại dịch nguy hiểm nhất trên sắn hiện nay, làm giảm năng suất củ từ 30-100%.</p><h3>Tác nhân & Lây truyền</h3><ul><li><strong>Virus:</strong> <em>Sri Lankan Cassava Mosaic Virus</em> (SLCMV) - phổ biến tại VN.</li><li><strong>Vector:</strong> Bọ phấn trắng (<em>Bemisia tabaci</em>) và qua hom giống nhiễm bệnh.</li></ul><h3>Triệu chứng điển hình</h3><ul><li><strong>Trên lá:</strong> Lá loang lổ các mảng màu xanh đậm - xanh nhạt - vàng (khảm). Phiến lá nhăn nheo, biến dạng, cong queo.</li><li><strong>Trên cây:</strong> Cây còi cọc, lùn, không phát triển được tán lá, củ nhỏ hoặc không có củ.</li></ul></div>","1. Biện pháp giống (Quan trọng số 1):<br>- Tuyệt đối không sử dụng hom giống từ vùng dịch.<br>- Sử dụng giống kháng (như HN1, HN3, KM94 kháng nhẹ) thay vì giống nhiễm nặng (HLS11).<br><br>2. Biện pháp canh tác:<br>- Nhổ bỏ và tiêu hủy ngay cây sắn bị bệnh trên ruộng.<br><br>3. Trừ môi giới:<br>- Phun trừ bọ phấn bằng <strong>Imidacloprid</strong>, <strong>Thiamethoxam</strong>, <strong>Pymetrozine</strong>.","https://res.cloudinary.com/dzstqe0re/image/upload/v1764692030/519cassava_train_mosaic_om2ppn.jpg,https://res.cloudinary.com/dzstqe0re/image/upload/v1764692020/609cassava_train_mosaic_v1tmkz.jpg",Sắn
"Cây sắn khỏe mạnh",Cassava_Healthy,Cây khỏe,"<div><h2>Mô tả trạng thái cây</h2><p>Cây sắn khỏe mạnh có bộ lá xanh tốt, thân mập, đảm bảo năng suất củ và độ bột cao.</p><h3>Đặc điểm hình thái</h3><ul><li><strong>Lá:</strong> Lá xẻ thùy chân vịt (5-7 thùy), màu xanh đậm đều màu. Phiến lá phẳng, không bị nhăn nheo hay loang lổ (khảm).</li><li><strong>Ngọn:</strong> Ngọn cây mập, vươn thẳng, màu tím hoặc xanh (tùy giống), không bị rụt ngọn hay thối đen.</li><li><strong>Thân:</strong> Vỏ thân láng, không có vết loét chảy mủ hay các lỗ đục của mọt.</li></ul></div>","Duy trì canh tác:<br>1. Dinh dưỡng: Sắn hút rất nhiều dinh dưỡng (đặc biệt là Kali). Cần bón trả lại đất lượng phân NPK tương ứng sau mỗi vụ.<br>2. Làm cỏ: Làm cỏ sạch sẽ giai đoạn cây con để tránh cạnh tranh dinh dưỡng.<br>3. Bảo vệ: Thường xuyên kiểm tra bọ phấn trắng và nhện đỏ.","https://res.cloudinary.com/dzstqe0re/image/upload/v1764692122/23cassava_train_healthy_eutofz.jpg,https://res.cloudinary.com/dzstqe0re/image/upload/v1764692111/211cassava_train_healthy_fqi2zq.jpg",Sắn
"Lá Mía khỏe mạnh",Sugarcane_Healthy_Leaves,Cây khỏe,"<div><h2>Mô tả trạng thái lá</h2><p>Bộ lá mía khỏe mạnh quyết định trực tiếp đến năng suất sinh khối và chữ đường (CCS).</p><h3>Đặc điểm hình thái</h3><ul><li><strong>Lá:</strong> Dài, rộng bản, màu xanh mướt (xanh đậm hoặc xanh vàng tùy giống).</li><li><strong>Tư thế:</strong> Lá vươn thẳng, ngọn lá cong nhẹ hình cung.</li><li><strong>Bề mặt:</strong> Láng mịn, không có các đốm đỏ (rỉ sắt), không có phấn trắng (rệp sáp) hay các vết sọc vàng (virus). Bẹ lá ôm sát thân.</li></ul></div>","Duy trì canh tác:<br>1. Bóc lá: Bóc lá già (đánh lá) định kỳ để ruộng thông thoáng, hạn chế sâu bệnh và chuột.<br>2. Dinh dưỡng: Bón đủ Đạm để vươn lóng, đủ Kali để tích đường và cứng cây.<br>3. Tưới nước: Không để ruộng bị hạn vào giai đoạn vươn lóng.","https://res.cloudinary.com/dzstqe0re/image/upload/v1764692212/healthy_9_zyit0z.jpg,https://res.cloudinary.com/dzstqe0re/image/upload/v1764692201/healthy_4_isgsyb.jpg",Mía
"Bệnh sương mai Nho (Downy Mildew)",Grape_Downy_Mildew,Bệnh nấm,"<div><h2>Tổng quan bệnh hại</h2><p>Bệnh sương mai (Downy Mildew) cực kỳ nguy hiểm trong mùa mưa ẩm, làm rụng lá hàng loạt và thối chùm quả non.</p><h3>Tác nhân gây bệnh</h3><ul><li><strong>Nấm:</strong> <em>Plasmopara viticola</em>.</li></ul><h3>Triệu chứng đặc trưng</h3><ul><li><strong>Mặt trên lá:</strong> Xuất hiện các vết dầu loang (vết trong như giọt dầu) màu vàng nhạt.</li><li><strong>Mặt dưới lá:</strong> Ngay bên dưới vết dầu là lớp tơ nấm màu trắng như sương muối (đây là điểm khác biệt với bệnh Phấn trắng - phấn trắng mọc cả 2 mặt).</li><li><strong>Trên quả:</strong> Quả non bị bao phủ lớp mốc trắng, sau đó teo lại và khô nâu (da cóc).</li></ul></div>","1. Biện pháp canh tác:<br>- Tỉa cành, tạo tán thật thoáng để gió lưu thông.<br>- Làm mái che mưa (nếu có điều kiện) là biện pháp hiệu quả nhất.<br><br>2. Biện pháp hóa học:<br>- Phun phòng trước các đợt mưa.<br>- Hoạt chất đặc trị: <strong>Metalaxyl</strong>, <strong>Cymoxanil</strong>, <strong>Fosetyl-Aluminium</strong> (Aliette), <strong>Dimethomorph</strong>.<br>- Có thể dùng Bordeaux (Phèn xanh + Vôi) để phòng ngừa.","https://res.cloudinary.com/dzstqe0re/image/upload/v1764692297/Downy_Mildew_4_glgsv8.jpg,https://res.cloudinary.com/dzstqe0re/image/upload/v1764692286/Downy_Mildew_5_nfs1ip.jpg",Nho
"Rệp sáp hại Đu đủ",Papaya_Mealybug,Côn trùng gây hại,"<div><h2>Tổng quan côn trùng</h2><p>Rệp sáp (Papaya Mealybug) là đối tượng gây hại số 1 trên đu đủ, làm cây còi cọc, quả đen xấu xí, mất giá trị.</p><h3>Tác nhân gây hại</h3><ul><li><strong>Tên khoa học:</strong> <em>Paracoccus marginatus</em>.</li></ul><h3>Triệu chứng nhận diện</h3><ul><li><strong>Dấu hiệu:</strong> Các mảng sáp bông màu trắng dính chặt trên thân, kẽ lá, cuống quả và bề mặt quả.</li><li><strong>Cơ chế:</strong> Rệp chích hút nhựa cây và tiết ra mật ngọt, dụ kiến đến và tạo điều kiện cho nấm bồ hóng phát triển đen kịt cây.</li><li><strong>Tác hại:</strong> Lá vàng rụng, quả bị chai sần, méo mó.</li></ul></div>","1. Biện pháp sinh học (Ưu tiên):<br>- Bảo vệ thiên địch (Ong ký sinh <em>Acerophagus papayae</em>, Bọ rùa).<br>- Phun nấm ký sinh <em>Metarhizium</em> hoặc <em>Beauveria</em>.<br><br>2. Biện pháp hóa học:<br>- Rệp có lớp sáp bảo vệ nên rất khó trị. Cần pha thuốc với nước rửa chén hoặc chất bám dính.<br>- Hoạt chất: <strong>Spirotetramat</strong> (Movento) - lưu dẫn 2 chiều cực tốt, <strong>Imidacloprid</strong>, <strong>Thiamethoxam</strong>, <strong>Acetamiprid</strong>.<br>- Phun kỹ vào các kẽ lá và chùm quả.","https://res.cloudinary.com/dzstqe0re/image/upload/v1764692403/image_2_aug_1_p9ubnf.jpg,https://res.cloudinary.com/dzstqe0re/image/upload/v1764692392/image_23_aug_3_cr86yh.jpg",Đu đủ
"Bệnh lông nhung Vải (Erinose)",Lychee_Felt_Leaf,Côn trùng gây hại,"<div><h2>Tổng quan bệnh hại</h2><p>Bệnh lông nhung (Lychee Erinose) là triệu chứng điển hình nhất do nhện lông nhung gây ra. Khác với triệu chứng ""xoăn lá"" (lá bị biến dạng), triệu chứng ""lông nhung"" tập trung vào sự biến đổi bề mặt lá.</p><h3>Tác nhân gây hại</h3><ul><li><strong>Tên khoa học:</strong> <em>Aceria litchii</em> (Nhện lông nhung hại vải).</li></ul><h3>Triệu chứng nhận diện</h3><ul><li><strong>Mặt dưới lá:</strong> Xuất hiện các mảng lông mịn dày đặc. Ban đầu lớp lông có màu trắng bạc (giống mốc sương), sau đó chuyển sang màu vàng nhạt và cuối cùng là màu nâu đỏ (như gỉ sắt hoặc nhung nâu).</li><li><strong>Bản chất:</strong> Lớp ""lông"" này thực chất là các lông tơ của lá phát triển bất thường để bao bọc lấy con nhện bên trong.</li><li><strong>Tác hại:</strong> Lá bị mất diệp lục, quang hợp kém, nếu bị trên chùm hoa thì không đậu quả.</li></ul></div>","1. Biện pháp canh tác:<br>- Thu gom và đốt các lá rụng hoặc cành lộc bị bệnh (quan trọng để diệt nhện trú đông).<br>- Tỉa cành thông thoáng.<br><br>2. Biện pháp hóa học:<br>- Phun thuốc khi lộc non vừa nhú (khi nhện bắt đầu di chuyển từ chồi ra lá).<br>- Hoạt chất: <strong>Sulphur</strong> (Lưu huỳnh bột thấm nước) - rất hiệu quả với nhện lông nhung.<br>- Các thuốc trừ nhện khác: <strong>Abamectin</strong>, <strong>Fenpyroximate</strong>, <strong>Ortus</strong>.<br>- Phun ướt đều mặt dưới lá.","https://res.cloudinary.com/dzstqe0re/image/upload/v1764692486/Felt_Leaf00004_flipped_659_o24mbq.jpg,https://res.cloudinary.com/dzstqe0re/image/upload/v1764692475/Felt_Leaf00007_sheared_192_fvpeai.jpg",Vải
"Bệnh đốm vi khuẩn Cà chua",Tomato_Bacterial_Spot,Bệnh vi khuẩn,"<div><h2>Tổng quan bệnh hại</h2><p>Bệnh đốm vi khuẩn (Bacterial Spot) là bệnh phổ biến trong mùa mưa, gây rụng lá và làm quả bị ghẻ lở, mất giá trị thương phẩm.</p><h3>Tác nhân gây bệnh</h3><ul><li><strong>Vi khuẩn:</strong> <em>Xanthomonas campestris</em> pv. <em>vesicatoria</em>.</li></ul><h3>Triệu chứng đặc trưng</h3><ul><li><strong>Trên lá:</strong> Các đốm nhỏ, sũng nước, màu nâu đen, hình dạng bất định (thường góc cạnh). Các đốm liên kết lại làm lá bị vàng và rụng sớm.</li><li><strong>Trên quả xanh:</strong> Xuất hiện các nốt ghẻ (mụn cóc) nổi gồ lên bề mặt vỏ, sờ thấy nhám tay. Nốt ghẻ có màu nâu đen, xung quanh có quầng trắng (mắt chim).</li><li><strong>Phân biệt:</strong> Khác với đốm vòng (nấm) là vết bệnh vi khuẩn thường nhỏ hơn, không có vân đồng tâm và nổi gồ trên quả.</li></ul></div>","1. Biện pháp canh tác:<br>- Không làm việc trong vườn khi cây đang ướt (để tránh lây lan vi khuẩn).<br>- Sử dụng hạt giống sạch bệnh hoặc xử lý hạt bằng nước nóng 50°C.<br>- Luân canh cây trồng.<br><br>2. Biện pháp hóa học:<br>- Vi khuẩn khó trị hơn nấm. Cần phun phòng sớm.<br>- Phối trộn thuốc: <strong>Copper (Đồng)</strong> + <strong>Mancozeb</strong> (tăng hiệu lực diệt khuẩn).<br>- Kháng sinh nông nghiệp: <strong>Kasugamycin</strong>, <strong>Streptomycin</strong> hoặc <strong>Oxolinic acid</strong>.","https://res.cloudinary.com/dzstqe0re/image/upload/v1764692578/0524de69-51ec-4794-a955-04a8e0c5656c___GCREC_Bact.Sp_3695_jwwq55.jpg,https://res.cloudinary.com/dzstqe0re/image/upload/v1764692567/519d4cf8-cce5-47a8-b33e-39365fb0799f___GCREC_Bact.Sp_3844_mwv4xg.jpg",Cà chua